Image and Tag Name,Number of unique CVEs,Low CVEs,Medium CVEs,High CVEs,Critical CVEs,Unassigned CVEs,Differing CVEs,Number of Pulls,Number of Repo Stars,Category,SubCategories
python:3.13.0b2-bookworm,990,72,653,47,0,11,207,7486837220,9645,Official,languages-and-frameworks
ruby:alpine,5,0,2,0,0,0,3,1257870500,2327,Official,languages-and-frameworks
ibm-semeru-runtimes:open-8u412-b08-jre,24,2,1,0,0,0,21,5304221,45,Official,languages-and-frameworks
eclipse-temurin:8u412-b08-jre-ubi9-minimal,109,30,29,3,0,0,47,134237929,550,Official,languages-and-frameworks
redmine:alpine3.20,100,5,51,22,6,11,5,68014881,1201,Official,content-management-system
phpmyadmin:5.2.1,893,70,665,53,2,8,95,64507723,991,Official,databases-and-storage
fluentd:v1.16.0-debian-1.0,1233,77,924,119,1,24,88,11490508,194,Official,monitoring-and-observability
php:zts-alpine,7,0,3,1,0,0,3,1170207867,7539,Official,languages-and-frameworks
nginx:stable-alpine3.19-otel,19,0,4,1,0,6,8,11208853412,19918,Official,web-servers
bonita:9.0,67,5,12,11,6,10,23,12588716,184,Official,languages-and-frameworks
amazonlinux:2.0.20240529.0,4,0,0,0,0,4,0,862747637,1412,Official,operating-systems
kong:ubuntu,25,0,0,0,0,0,25,323935838,781,Official,api-management
alpine:3.20.0,3,0,0,0,0,0,3,10501216760,10883,Official,operating-systems
ubuntu:noble-20240530,9,1,0,0,0,0,8,9203767586,17105,Official,operating-systems
couchdb:3.1.2,201,5,0,0,0,89,107,189385990,565,Official,databases-and-storage
neurodebian:nd22.04,20,0,0,0,0,0,20,9904676,109,Official,data-science
composer:2.3.10,14,1,6,5,0,1,1,154282208,1066,Official,developer-tools
adminer:4.8.1,95,5,0,0,1,0,89,371422611,913,Official,databases-and-storage
joomla:4-php8.1-fpm-alpine,106,2,60,34,6,4,0,83060808,442,Official,content-management-system
joomla:4.4.5-php8.2-fpm-alpine,106,2,60,34,6,4,0,83060808,442,Official,content-management-system
arangodb:3.11.9,41,3,6,8,1,9,14,36479732,289,Official,databases-and-storage
plone:python38,1084,85,530,85,10,97,277,6625827,96,Official,content-management-system
couchbase:enterprise-7.2.5,181,15,53,22,1,11,79,86459240,917,Official,databases-and-storage
lightstreamer:7.4.2-jdk21-temurin,32,2,2,0,0,0,28,5776774,90,Official,message-queues
consul:1.15,71,6,15,3,0,14,33,1033856217,1438,Official,
php-zendserver:2019.0,244,56,165,11,0,6,6,4268448,212,Official,languages-and-frameworks
haxe:4.1.5-alpine3.17,58,0,5,2,0,33,18,24637216,62,Official,languages-and-frameworks
storm:2.6-jre17,316,2,31,61,24,61,137,8958378,195,Official,data-science
bonita:2023.2-u0,67,5,12,11,6,10,23,12588716,184,Official,languages-and-frameworks
dart:beta,89,5,0,0,0,0,84,2141623,140,Official,languages-and-frameworks
aerospike:ce-7.1.0.1,20,0,0,0,0,0,20,17906309,144,Official,databases-and-storage
bash:devel-20240603,3,0,0,0,0,0,3,423900514,630,Official,developer-tools
sonarqube:lts-developer,118,3,11,15,3,40,46,1067315424,2397,Official,integration-and-delivery
zookeeper:3.8.4-jre-17,80,0,0,0,0,57,23,300045094,1430,Official,databases-and-storage
mediawiki:lts-fpm,953,70,661,50,0,11,161,44889121,548,Official,content-management-system
tomcat:jre21,22,0,0,0,0,0,22,760711845,3671,Official,web-servers
oraclelinux:8,191,0,19,10,0,161,1,35471002,1056,Official,operating-systems
storm:2.6,316,2,31,61,24,62,136,8958378,195,Official,data-science
photon:4.0,4,0,4,0,0,0,0,17097756,195,Official,operating-systems
r-base:4.4.0,70,0,0,0,0,1,69,9998503,539,Official,languages-and-frameworks
neo4j:enterprise-ubi9,1546,274,825,29,0,12,406,278348653,1225,Official,databases-and-storage
postgres:alpine3.20,3,0,0,0,0,0,3,8731561121,13472,Official,databases-and-storage
sl:6,864,0,1,0,0,3,860,602118,55,Official,operating-systems
notary:server-0.7.0,86,4,10,16,1,14,41,6566455,74,Official,security
php:fpm-alpine3.20,8,0,4,1,0,0,3,1170207867,7539,Official,languages-and-frameworks
rust:1.78.0-alpine,3,0,0,0,0,0,3,84541863,982,Official,languages-and-frameworks
oraclelinux:8.10,191,0,19,10,0,161,1,35471002,1056,Official,operating-systems
postgres:17beta1-bullseye,154,6,1,4,0,0,143,8731561121,13472,Official,databases-and-storage
geonetwork:4.4,235,12,55,45,7,17,99,5238687,83,Official,data-science
r-base:4.3.0,1531,92,1089,156,8,6,180,9998503,539,Official,languages-and-frameworks
rocket.chat:6.5.5,318,15,45,47,8,58,145,73999845,808,Official,
mediawiki:stable,961,70,660,50,0,11,170,44889121,548,Official,content-management-system
node:21.7-alpine,5,1,1,0,0,0,3,5155852497,13487,Official,languages-and-frameworks
rakudo-star:alpine,3,1,0,0,0,0,2,2482434,60,Official,languages-and-frameworks
kapacitor:1.7,29,2,1,1,0,1,24,58444032,261,Official,monitoring-and-observability
emqx:5.7.0,63,5,0,0,0,0,58,1879708,81,Official,message-queues
telegraf:alpine,7,1,2,0,0,0,4,595630842,665,Official,monitoring-and-observability
neurodebian:jammy-non-free,20,0,0,0,0,0,20,9904676,109,Official,data-science
convertigo:8.2.4,149,9,8,1,1,74,56,4249049,55,Official,languages-and-frameworks
websphere-liberty:full-java11-openj9,24,2,1,0,0,0,21,23727085,299,Official,web-servers
mageia:7,614,95,126,9,9,26,349,1624131,44,Official,operating-systems
redis:7.0-alpine,61,1,1,4,0,0,55,8755331519,12849,Official,databases-and-storage
yourls:fpm,868,70,661,50,0,8,79,21258156,288,Official,content-management-system
rethinkdb:2.4-bookworm-slim,67,5,0,0,0,0,62,75433872,628,Official,databases-and-storage
mediawiki:lts-fpm-alpine,79,1,47,21,6,1,3,44889121,548,Official,content-management-system
yourls:1.9.2-apache,1007,70,766,54,0,26,91,21258156,288,Official,content-management-system
julia:bullseye,89,5,0,0,0,0,84,14927502,333,Official,languages-and-frameworks
wordpress:php8.3-fpm,930,70,657,48,0,8,147,1377387086,5587,Official,content-management-system
perl:devel-threaded-bullseye,882,77,470,41,0,17,277,238455902,460,Official,languages-and-frameworks
maven:ibmjava,48,13,8,5,1,0,21,659120407,1573,Official,languages-and-frameworks
notary:signer-0.6.1-2,100,1,14,10,3,20,52,6566455,74,Official,security
eclipse-mosquitto:2.0.18-openssl,7,0,0,0,0,1,6,615175958,1249,Official,message-queues
convertigo:8.2,112,5,6,0,1,74,26,4249049,55,Official,languages-and-frameworks
yourls:1.9.2-fpm,996,70,767,54,0,26,79,21258156,288,Official,content-management-system
mariadb:lts-ubi,153,18,24,7,0,8,96,2772489085,5770,Official,databases-and-storage
dart:sdk,89,5,0,0,0,0,84,2141623,140,Official,languages-and-frameworks
silverpeas:6.3.4,516,5,71,88,37,28,287,1881618,45,Official,content-management-system
lightstreamer:7.4.2-jdk8-temurin,28,2,2,0,0,0,24,5776774,90,Official,message-queues
dart:stable,89,5,0,0,0,0,84,2141623,140,Official,languages-and-frameworks
satosa:8.4-bookworm,67,5,0,0,0,2,60,298348,12,Official,api-management
logstash:8.13.4,53,8,11,2,1,2,29,193145622,2197,Official,monitoring-and-observability
clojure:tools-deps-bullseye-slim,143,5,0,0,0,3,135,36613901,358,Official,languages-and-frameworks
php:zts-alpine3.20,7,0,3,1,0,0,3,1170207867,7539,Official,languages-and-frameworks
clojure:tools-deps-bullseye,143,5,0,0,0,3,135,36613901,358,Official,languages-and-frameworks
backdrop:apache,882,70,661,49,0,9,93,6975022,114,Official,content-management-system
caddy:alpine,5,0,0,0,0,0,5,626004008,744,Official,web-servers
bash:devel,3,0,2,0,0,0,1,423900514,630,Official,developer-tools
golang:1.23rc1-bookworm,1017,70,784,55,0,4,104,2169767338,4871,Official,languages-and-frameworks
open-liberty:kernel-slim-java17-openj9,26,2,1,0,0,1,22,12934678,65,Official,web-servers
joomla:4-php8.2-fpm-alpine,106,2,60,34,6,4,0,83060808,442,Official,content-management-system
solr:9.6.1,134,5,15,10,1,58,45,314646205,985,Official,databases-and-storage
liquibase:4.28-alpine,28,5,0,1,0,1,21,4250,0,Official,developer-tools
fedora:rawhide,1,0,0,0,0,1,0,119427901,1205,Official,operating-systems
spark:3.5.1-scala2.12-java17-ubuntu,232,7,22,23,2,115,63,265294,54,Official,data-science
rockylinux:9.3-minimal,61,0,1,0,0,5,55,32812715,239,Official,operating-systems
php:cli-alpine3.20,7,0,3,1,0,0,3,1170207867,7539,Official,languages-and-frameworks
irssi:1.4.5-alpine,3,0,0,0,0,0,3,8216587,172,Official,
adminer:standalone,95,5,0,0,1,0,89,371422611,913,Official,databases-and-storage
rethinkdb:2.4.4-bookworm-slim,67,5,0,0,0,0,62,75433872,628,Official,databases-and-storage
teamspeak:3.13.5,71,2,8,10,2,17,32,134294977,536,Official,
gazebo:gzserver11-focal,323,45,154,0,0,0,124,4441653,140,Official,languages-and-frameworks
influxdb:alpine,40,3,5,2,0,0,30,1038316305,1871,Official,databases-and-storage
almalinux:9.4,167,1,2,0,0,16,148,6614527,162,Official,operating-systems
neurodebian:nd22.04-non-free,20,0,0,0,0,0,20,9904676,109,Official,data-science
liquibase:4.28,40,3,1,1,0,1,34,4250,0,Official,developer-tools
open-liberty:kernel-slim-java8-openj9,26,2,1,0,0,1,22,12934678,65,Official,web-servers
rabbitmq:3.13-management,77,0,0,0,0,56,21,3483391282,5074,Official,message-queues
consul:1.15.4,71,6,15,3,0,14,33,1033856217,1438,Official,
docker:27.0.2-alpine3.20,3,0,0,1,0,1,1,2980899991,2600,Official,developer-tools
kong:3.7-ubuntu,25,0,0,0,0,0,25,323935838,781,Official,api-management
mariadb:lts-ubi9,153,18,24,7,0,9,95,2772489085,5770,Official,databases-and-storage
arangodb:3.10.14,63,4,12,8,2,17,20,36479732,289,Official,databases-and-storage
kibana:7.17.21,37,3,3,5,0,2,24,193923653,2727,Official,monitoring-and-observability
gazebo:libgazebo11-bionic,584,160,405,12,2,3,2,4441653,140,Official,languages-and-frameworks
eggdrop:1.9.5,14,1,1,0,0,11,1,2809332,79,Official,
r-base:4.3.3,78,0,0,0,0,1,77,9998503,539,Official,languages-and-frameworks
monica:5.0.0-beta-fpm,898,72,668,59,1,8,90,11294526,191,Official,content-management-system
monica:5.0.0-beta.4-apache,909,72,667,59,1,8,102,11294526,191,Official,content-management-system
orientdb:3.1.20-tp3,156,3,14,44,7,3,85,15159809,183,Official,databases-and-storage
mongo:5.0,79,2,2,4,0,0,71,4358857033,10260,Official,databases-and-storage
fedora:39,2,0,0,0,0,2,0,119427901,1205,Official,operating-systems
irssi:1.4-alpine3.20,3,0,0,0,0,0,3,8216587,172,Official,
chronograf:1.8.10,251,10,18,18,1,15,189,154620069,361,Official,monitoring-and-observability
ibmjava:sdk,49,13,8,5,1,0,22,13103034,126,Official,languages-and-frameworks
ubuntu:noble,9,1,0,0,0,0,8,9203767586,17105,Official,operating-systems
hylang:python3.11-alpine3.20,6,1,0,0,0,1,4,25370750,60,Official,languages-and-frameworks
rockylinux:9.3,194,1,3,0,0,11,179,32812715,239,Official,operating-systems
ruby:slim-bullseye,670,74,472,41,0,15,68,1257870500,2327,Official,languages-and-frameworks
xwiki:stable-mariadb-tomcat,59,0,4,1,1,12,41,32337763,299,Official,content-management-system
nginx:stable-alpine3.19-perl,19,0,4,1,0,6,8,11208853412,19918,Official,web-servers
haproxy:alpine,5,0,2,0,0,0,3,1018057305,1921,Official,web-servers
hitch:1.7.3-1,86,4,0,0,0,0,82,434753,24,Official,web-servers
adminer:4.8.1-fastcgi,95,5,0,0,1,0,89,371422611,913,Official,databases-and-storage
friendica:dev-fpm,902,79,466,63,1,7,286,4852186,86,Official,
archlinux:multilib-devel,11,0,0,1,0,3,7,26344871,565,Official,operating-systems
almalinux:minimal,32,0,0,0,0,7,25,6614527,162,Official,operating-systems
api-firewall:0.7.3,7,0,0,0,0,1,6,37480,50,Official,api-management
solr:9.6-slim,81,0,1,0,0,57,23,314646205,985,Official,databases-and-storage
websphere-liberty:full-java17-openj9,24,2,1,0,0,0,21,23727085,299,Official,web-servers
buildpack-deps:mantic-scm,17,0,0,0,0,0,17,233190199,669,Official,developer-tools
haproxy:alpine3.20,5,0,2,0,0,0,3,1018057305,1921,Official,web-servers
fedora:41,1,0,0,0,0,1,0,119427901,1205,Official,operating-systems
node:21.7.3-alpine,5,1,1,0,0,0,3,5155852497,13487,Official,languages-and-frameworks
gradle:jdk-lts-and-current-alpine,33,5,7,2,0,8,11,239587983,575,Official,developer-tools
hylang:python3.12-alpine3.20,3,0,0,0,0,0,3,25370750,60,Official,languages-and-frameworks
arangodb:3.12,37,3,4,8,1,7,14,36479732,289,Official,databases-and-storage
mysql:lts-oraclelinux9,134,1,23,14,0,40,56,4305301781,15137,Official,databases-and-storage
rabbitmq:3.13.3-management,77,0,0,0,0,56,21,3483391282,5074,Official,message-queues
amazoncorretto:8u412-al2023,5,0,1,0,0,3,1,85693617,397,Official,languages-and-frameworks
python:3.13.0b2-slim,56,5,0,0,0,0,51,7486837220,9645,Official,languages-and-frameworks
arangodb:3.11,41,3,6,8,1,9,14,36479732,289,Official,databases-and-storage
tomcat:jre17-temurin,22,0,0,0,0,0,22,760711845,3671,Official,web-servers
archlinux:base-devel,11,0,0,1,0,3,7,26344871,565,Official,operating-systems
haxe:4.3.4,160,5,0,0,0,3,152,24637216,62,Official,languages-and-frameworks
oraclelinux:9-slim-fips,33,0,0,0,0,33,0,35471002,1056,Official,operating-systems
vault:1.11.11,74,4,15,7,0,3,45,538553366,1112,Official,security
julia:1.10.4-bullseye,89,5,0,0,0,0,84,14927502,333,Official,languages-and-frameworks
fluentd:v1.16.2-1.1,18,4,4,1,0,7,2,11490508,194,Official,monitoring-and-observability
satosa:8.4.0,67,5,0,0,0,2,60,298348,12,Official,api-management
groovy:jdk21-jammy,27,0,0,0,0,0,27,76788228,151,Official,languages-and-frameworks
eclipse-temurin:8-ubi9-minimal,109,30,29,3,0,0,47,134237929,550,Official,languages-and-frameworks
httpd:2.4.59-alpine,8,0,2,3,0,0,3,4484298523,4727,Official,web-servers
kibana:8.13.3,47,3,4,6,1,2,31,193923653,2727,Official,monitoring-and-observability
rethinkdb:2.4.3,67,5,0,0,0,0,62,75433872,628,Official,databases-and-storage
telegraf:1.30.3,73,5,1,0,0,2,65,595630842,665,Official,monitoring-and-observability
oraclelinux:8-slim-fips,79,0,9,7,0,63,0,35471002,1056,Official,operating-systems
couchdb:3.3.3,95,5,0,0,0,0,90,189385990,565,Official,databases-and-storage
debian:unstable,27,0,0,0,0,0,27,1268879068,5020,Official,operating-systems
ubuntu:oracular,0,0,0,0,0,0,0,9203767586,17105,Official,operating-systems
postfixadmin:3.3.13-apache,1036,71,766,56,0,26,117,5231400,193,Official,developer-tools
bash:4.0.44-alpine3.20,7,0,3,3,0,0,1,423900514,630,Official,developer-tools
drupal:7.101-php8.2-fpm-bookworm,975,70,768,53,0,3,81,193290007,1037,Official,content-management-system
openjdk:23-jdk-oraclelinux8,142,0,19,9,0,114,0,2479898199,3919,Official,
debian:unstable-20240513-slim,27,0,0,0,0,0,27,1268879068,5020,Official,operating-systems
nginx:mainline-alpine3.19-perl,19,0,4,1,0,6,8,11208853412,19918,Official,web-servers
ibmjava:8-sdk,49,13,8,5,1,0,22,13103034,126,Official,languages-and-frameworks
hylang:python3.8-alpine3.20,11,1,2,2,0,0,6,25370750,60,Official,languages-and-frameworks
julia:1.10.4,62,5,0,0,0,0,57,14927502,333,Official,languages-and-frameworks
maven:amazoncorretto,0,0,0,0,0,0,0,659120407,1573,Official,languages-and-frameworks
kong:3.7.0,25,0,0,0,0,0,25,323935838,781,Official,api-management
backdrop:fpm,871,70,662,49,0,9,81,6975022,114,Official,content-management-system
sapmachine:ubuntu-jammy,25,3,1,0,0,0,21,22340852,49,Official,languages-and-frameworks
rabbitmq:management,77,0,0,0,0,56,21,3483391282,5074,Official,message-queues
aerospike:ee-7.1.0.2,24,3,1,0,0,0,20,17906309,144,Official,databases-and-storage
kibana:8.13.4,43,3,4,6,1,2,27,193923653,2727,Official,monitoring-and-observability
python:3.13.0b2-slim-bullseye,82,5,0,0,0,0,77,7486837220,9645,Official,languages-and-frameworks
lightstreamer:7.4.2-jdk21,32,2,2,0,0,0,28,5776774,90,Official,message-queues
kong:3.7.0-ubuntu,25,0,0,0,0,0,25,323935838,781,Official,api-management
influxdb:2.7.6-alpine,40,3,16,8,4,0,9,1038316305,1871,Official,databases-and-storage
couchdb:3.3,95,5,0,0,0,0,90,189385990,565,Official,databases-and-storage
memcached:1.6.28-alpine3.20,3,1,0,0,0,0,2,11135890128,2175,Official,databases-and-storage
amazoncorretto:8u412-al2023-jre,5,0,1,0,0,3,1,85693617,397,Official,languages-and-frameworks
buildpack-deps:noble-curl,13,1,0,0,0,0,12,233190199,669,Official,developer-tools
composer:2.4,14,1,6,5,0,1,1,154282208,1066,Official,developer-tools
eclipse-mosquitto:2-openssl,7,0,0,0,0,1,6,615175958,1249,Official,message-queues
rocket.chat:6.5,318,15,45,47,8,58,145,73999845,808,Official,
eclipse-temurin:8u412-b08-jdk-ubi9-minimal,109,30,29,3,0,0,47,134237929,550,Official,languages-and-frameworks
geonetwork:4.2.9,429,11,82,95,29,24,188,5238687,83,Official,data-science
jetty:9.4.54-jre8-eclipse-temurin,23,0,0,0,0,1,22,39715759,405,Official,web-servers
buildpack-deps:mantic-curl,14,0,0,0,0,0,14,233190199,669,Official,developer-tools
spiped:1.6-alpine,3,0,0,0,0,0,3,3131618,65,Official,security
orientdb:3.2,68,16,15,6,0,0,31,15159809,183,Official,databases-and-storage
cirros:0.5.3,15,0,2,12,1,0,0,6674391,78,Official,operating-systems
photon:5.0-20240602,3,0,3,0,0,0,0,17097756,195,Official,operating-systems
adminer:4.8.1-standalone,95,5,0,0,1,0,89,371422611,913,Official,databases-and-storage
caddy:builder-alpine,5,0,0,0,0,0,5,626004008,744,Official,web-servers
irssi:alpine,3,0,0,0,0,0,3,8216587,172,Official,
elasticsearch:8.13.3,52,4,6,5,0,2,35,860774525,6353,Official,databases-and-storage
haproxy:3.1-dev0-alpine3.20,3,0,0,0,0,0,3,1018057305,1921,Official,web-servers
redis:6.2.14-alpine3.20,61,1,1,4,0,0,55,8755331519,12849,Official,databases-and-storage
amazonlinux:2023.4.20240416.0,16,0,3,3,0,3,7,862747637,1412,Official,operating-systems
archlinux:base-20240101.0.204074,11,0,0,1,0,3,7,26344871,565,Official,operating-systems
liquibase:alpine,28,5,0,1,0,1,21,4250,0,Official,developer-tools
debian:trixie-slim,27,0,0,0,0,0,27,1268879068,5020,Official,operating-systems
perl:5.39.10-threaded-bullseye,882,77,470,41,0,17,277,238455902,460,Official,languages-and-frameworks
drupal:7.101-php8.2-apache-bookworm,986,70,767,53,0,3,93,193290007,1037,Official,content-management-system
rethinkdb:bookworm-slim,67,5,0,0,0,0,62,75433872,628,Official,databases-and-storage
notary:signer,88,4,13,15,1,14,41,6566455,74,Official,security
xwiki:stable-postgres,63,0,5,2,3,12,41,32337763,299,Official,content-management-system
debian:unstable-20240513,27,0,0,0,0,0,27,1268879068,5020,Official,operating-systems
ubuntu:oracular-20240527,0,0,0,0,0,0,0,9203767586,17105,Official,operating-systems
gcc:13-bookworm,972,71,654,47,0,15,185,23889166,850,Official,languages-and-frameworks
gazebo:libgazebo11,535,89,278,29,2,1,136,4441653,140,Official,languages-and-frameworks
tomee:9.1.3-jre17-Semeru-ubuntu-plus,34,3,5,0,0,0,26,23838103,115,Official,web-servers
wordpress:beta-php8.3-apache,938,70,656,48,0,8,156,1377387086,5587,Official,content-management-system
fluentd:v1.16-debian-1,752,74,541,43,0,24,70,11490508,194,Official,monitoring-and-observability
hitch:1.8.0,72,5,0,0,0,0,67,434753,24,Official,web-servers
api-firewall:0.7.2,12,1,1,0,0,1,9,37480,50,Official,api-management
nats:linux,11,2,0,6,1,0,2,199591552,484,Official,message-queues
mysql:lts,134,1,23,14,0,40,56,4305301781,15137,Official,databases-and-storage
rocket.chat:6.6.6,297,14,40,44,7,54,138,73999845,808,Official,
consul:1.14,73,6,15,4,0,14,34,1033856217,1438,Official,
plone:5.2.13,1084,85,530,85,10,97,277,6625827,96,Official,content-management-system
neo4j:ubi8,250,15,59,5,1,1,169,278348653,1225,Official,databases-and-storage
spark:scala,247,8,22,23,2,131,61,265294,54,Official,data-science
mongo-express:1.0-20-alpine3.19,31,3,8,4,1,1,14,239976842,1440,Official,databases-and-storage
ros:rolling-ros-core-noble,100,32,43,7,0,0,18,27081439,638,Official,operating-systems
mariadb:11.5.1-ubi9-rc,153,18,24,7,0,13,91,2772489085,5770,Official,databases-and-storage
matomo:apache,899,72,667,59,1,8,92,122921979,333,Official,monitoring-and-observability
openjdk:23-oraclelinux8,142,0,19,9,0,114,0,2479898199,3919,Official,
mageia:rc,197,25,43,6,1,4,118,1624131,44,Official,operating-systems
groovy:jdk8-jammy,23,0,0,0,0,0,23,76788228,151,Official,languages-and-frameworks
rockylinux:9-minimal,61,0,1,0,0,5,55,32812715,239,Official,operating-systems
mariadb:11.5.1-ubi-rc,153,18,24,7,0,13,91,2772489085,5770,Official,databases-and-storage
swift:rhel-ubi9,1752,272,935,29,0,5,511,26311234,687,Official,languages-and-frameworks
ruby:alpine3.19,8,0,2,0,0,2,4,1257870500,2327,Official,languages-and-frameworks
kibana:8.14.0,39,3,2,6,1,2,25,193923653,2727,Official,monitoring-and-observability
elixir:1.12.3-otp-24-slim,74,5,1,0,0,0,68,56724865,563,Official,languages-and-frameworks
amazonlinux:2023,5,0,2,0,0,3,0,862747637,1412,Official,operating-systems
haskell:9.8.2-slim,1094,77,687,87,0,29,214,7949778,478,Official,languages-and-frameworks
hitch:1.8,72,5,0,0,0,0,67,434753,24,Official,web-servers
oraclelinux:8-slim,90,0,18,9,0,63,0,35471002,1056,Official,operating-systems
amazoncorretto:8u412-al2-native-jdk,16,0,6,1,0,4,5,85693617,397,Official,languages-and-frameworks
ros:rolling-perception,323,57,194,7,0,0,65,27081439,638,Official,operating-systems
orientdb:3.2.30,68,16,15,6,0,0,31,15159809,183,Official,databases-and-storage
haskell:9.8.2-slim-buster,1094,77,687,87,0,29,214,7949778,478,Official,languages-and-frameworks
swift:mantic,119,33,49,8,0,1,28,26311234,687,Official,languages-and-frameworks
bonita:8.0.0,78,4,15,13,6,12,28,12588716,184,Official,languages-and-frameworks
ibmjava:8-sfj,22,0,0,0,0,0,22,13103034,126,Official,languages-and-frameworks
orientdb:3.2-tp3,94,17,22,9,0,2,44,15159809,183,Official,databases-and-storage
erlang:20.3.8-slim,97,5,2,1,1,2,86,55245510,363,Official,languages-and-frameworks
api-firewall:0.7.0,12,1,2,0,1,1,7,37480,50,Official,api-management
backdrop:1.26.1-apache,882,70,661,49,0,9,93,6975022,114,Official,content-management-system
mysql:oraclelinux9,134,1,23,14,0,40,56,4305301781,15137,Official,databases-and-storage
httpd:alpine3.20,8,0,2,3,0,0,3,4484298523,4727,Official,web-servers
drupal:7.101-php8.2-fpm,975,70,768,53,0,3,81,193290007,1037,Official,content-management-system
emqx:5.6.1,63,5,0,0,0,0,58,1879708,81,Official,message-queues
plone:5.2,1084,85,531,85,10,97,276,6625827,96,Official,content-management-system
logstash:8.13.3,57,8,11,2,1,2,33,193145622,2197,Official,monitoring-and-observability
clojure:tools-deps-bookworm,100,5,0,0,0,3,92,36613901,358,Official,languages-and-frameworks
mysql:oracle,134,1,23,14,0,40,56,4305301781,15137,Official,databases-and-storage
mediawiki:stable-fpm-alpine,79,1,47,21,6,1,3,44889121,548,Official,content-management-system
rakudo-star:2024.04,99,5,0,0,0,1,93,2482434,60,Official,languages-and-frameworks
jruby:9.4.7.0-jre21,260,40,175,18,0,0,27,50371665,116,Official,languages-and-frameworks
hitch:1,72,5,0,0,0,0,67,434753,24,Official,web-servers
cirros:0.6.0,2,0,0,2,0,0,0,6674391,78,Official,operating-systems
node:21-alpine3.20,5,1,1,0,0,0,3,5155852497,13487,Official,languages-and-frameworks
logstash:8.14.0,42,4,10,1,1,1,25,193145622,2197,Official,monitoring-and-observability
rakudo-star:2024.04-alpine,3,0,0,0,0,0,3,2482434,60,Official,languages-and-frameworks
logstash:7.17.20,154,10,36,39,3,11,55,193145622,2197,Official,monitoring-and-observability
pypy:3.9-7,976,76,558,47,0,7,288,40032386,390,Official,languages-and-frameworks
swift:noble,96,34,36,6,0,0,20,26311234,687,Official,languages-and-frameworks
liquibase:4.28.0-alpine,28,5,0,1,0,1,21,4250,0,Official,developer-tools
yourls:apache,879,70,660,50,0,8,91,21258156,288,Official,content-management-system
busybox:stable,4,0,4,0,0,0,0,10941119635,3268,Official,operating-systems
drupal:7.101-php8.2-apache-bullseye,826,75,542,44,0,4,161,193290007,1037,Official,content-management-system
cassandra:5.0,122,6,15,10,1,1,89,211080924,1542,Official,databases-and-storage
nextcloud:production-fpm,999,73,673,64,6,12,171,939750925,4094,Official,content-management-system
alpine:20240329,7,0,0,0,0,0,7,10501216760,10883,Official,operating-systems
api-firewall:0.6.17,12,1,2,0,1,1,7,37480,50,Official,api-management
satosa:8.4,67,5,0,0,0,2,60,298348,12,Official,api-management
php-zendserver:8.5,699,175,496,16,1,1,10,4268448,212,Official,languages-and-frameworks
gcc:13.3.0,972,71,654,47,0,15,185,23889166,850,Official,languages-and-frameworks
elasticsearch:8.13.0,55,6,8,5,0,2,34,860774525,6353,Official,databases-and-storage
pypy:3.9-7.3.16,976,76,558,47,0,7,288,40032386,390,Official,languages-and-frameworks
eclipse-mosquitto:openssl,7,0,0,0,0,1,6,615175958,1249,Official,message-queues
spiped:1-alpine,3,0,0,0,0,0,3,3131618,65,Official,security
influxdb:2.7.6,144,44,23,39,6,0,32,1038316305,1871,Official,databases-and-storage
teamspeak:3.13,7,0,0,0,0,1,6,134294977,536,Official,
postgres:17beta1-bookworm,125,6,1,4,0,0,114,8731561121,13472,Official,databases-and-storage
elixir:1.12.3-otp-24-alpine,5,0,0,0,0,4,1,56724865,563,Official,languages-and-frameworks
tomcat:jre17-temurin-jammy,22,0,0,0,0,0,22,760711845,3671,Official,web-servers
jetty:9.4.54-jre8,23,0,0,0,0,0,23,39715759,405,Official,web-servers
spiped:1.6.2-alpine,3,0,0,0,0,0,3,3131618,65,Official,security
crate:5.6.5,170,2,3,1,0,12,152,18592897,225,Official,databases-and-storage
neurodebian:nd20.04,13,1,0,0,0,0,12,9904676,109,Official,data-science
aerospike:ee-7.1.0.0_2,24,0,0,0,0,0,24,17906309,144,Official,databases-and-storage
memcached:alpine3.20,3,1,0,0,0,0,2,11135890128,2175,Official,databases-and-storage
perl:5.39.10-threaded-bookworm,967,71,653,47,0,11,185,238455902,460,Official,languages-and-frameworks
flink:1.18.1-scala_2.12-java11,108,2,1,0,0,83,22,88612802,422,Official,data-science
traefik:v2.11.3,24,2,10,6,0,0,6,3279704663,3212,Official,networking
chronograf:1.10.5,75,5,1,2,1,1,65,154620069,361,Official,monitoring-and-observability
traefik:v2.11,22,2,11,6,0,0,3,3279704663,3212,Official,networking
alt:p9,0,0,0,0,0,0,0,711864,63,Official,operating-systems
monica:5.0.0-beta.4-fpm,898,72,668,59,1,8,90,11294526,191,Official,content-management-system
maven:eclipse-temurin,27,0,0,0,0,0,27,659120407,1573,Official,languages-and-frameworks
flink:1.18.1-scala_2.12,108,2,1,0,0,83,22,88612802,422,Official,data-science
fluentd:v1.16.2-debian-1.1,752,74,541,43,0,24,70,11490508,194,Official,monitoring-and-observability
golang:1.23rc1-bullseye,863,75,557,46,0,5,180,2169767338,4871,Official,languages-and-frameworks
jetty:9.4.54-jre21-eclipse-temurin,23,0,0,0,0,0,23,39715759,405,Official,web-servers
rust:1.78-alpine3.20,3,0,0,0,0,0,3,84541863,982,Official,languages-and-frameworks
rockylinux:9.3.20231119-minimal,61,0,1,0,0,5,55,32812715,239,Official,operating-systems
kapacitor:1.7.4,28,18,6,2,0,0,2,58444032,261,Official,monitoring-and-observability
nats:scratch,11,2,0,6,1,0,2,199591552,484,Official,message-queues
rethinkdb:2.4,67,5,0,0,0,0,62,75433872,628,Official,databases-and-storage
geonetwork:4.2,428,14,83,97,29,24,181,5238687,83,Official,data-science
influxdb:2.7-alpine,40,3,5,2,0,0,30,1038316305,1871,Official,databases-and-storage
xwiki:stable-postgres-tomcat,63,0,5,2,3,12,41,32337763,299,Official,content-management-system
sonarqube:lts-datacenter-search,128,5,13,17,3,40,50,1067315424,2397,Official,integration-and-delivery
neurodebian:nd20.04-non-free,13,1,0,0,0,0,12,9904676,109,Official,data-science
r-base:4.3.2,99,0,0,0,0,1,98,9998503,539,Official,languages-and-frameworks
memcached:bookworm,49,5,0,0,0,0,44,11135890128,2175,Official,databases-and-storage
mongo:5.0-focal,79,2,2,4,0,0,71,4358857033,10260,Official,databases-and-storage
wordpress:beta-php8.2-fpm,930,70,657,48,0,8,147,1377387086,5587,Official,content-management-system
bonita:8.0,78,4,15,13,6,12,28,12588716,184,Official,languages-and-frameworks
cassandra:jammy,112,2,9,12,0,1,88,211080924,1542,Official,databases-and-storage
perl:devel-threaded,967,71,653,47,0,11,185,238455902,460,Official,languages-and-frameworks
friendica:stable,940,79,473,68,3,14,303,4852186,86,Official,
traefik:mimolette,22,2,11,6,0,0,3,3279704663,3212,Official,networking
neo4j:enterprise-ubi8,259,15,60,5,1,7,171,278348653,1225,Official,databases-and-storage
crate:5.5.5,192,11,11,5,0,13,152,18592897,225,Official,databases-and-storage
ibm-semeru-runtimes:open-8u412-b08-jre-focal,23,3,1,0,0,0,19,5304221,45,Official,languages-and-frameworks
gradle:jdk-21-and-22-alpine,33,5,7,2,0,8,11,239587983,575,Official,developer-tools
websphere-liberty:kernel-java17-openj9,24,2,1,0,0,0,21,23727085,299,Official,web-servers
aerospike:ee-7.1.0.1,20,0,0,0,0,0,20,17906309,144,Official,databases-and-storage
redmine:alpine,100,5,51,22,6,11,5,68014881,1201,Official,content-management-system
docker:27.0.2-dind-rootless,4,0,0,1,0,1,2,2980899991,2600,Official,developer-tools
jruby:9.4.7.0-jre,156,43,73,15,0,0,25,50371665,116,Official,languages-and-frameworks
teamspeak:3.13.6,47,2,8,8,2,16,11,134294977,536,Official,
sapmachine:ubuntu-24.04,11,2,0,0,0,0,9,22340852,49,Official,languages-and-frameworks
caddy:2.8.4-builder-alpine,5,0,0,0,0,0,5,626004008,744,Official,web-servers
ibmjava:sfj,22,0,0,0,0,0,22,13103034,126,Official,languages-and-frameworks
lightstreamer:7.4.2-jdk8,28,2,2,0,0,0,24,5776774,90,Official,message-queues
influxdb:2.7,144,44,23,39,6,0,32,1038316305,1871,Official,databases-and-storage
almalinux:9.4-20240530,167,1,2,0,0,16,148,6614527,162,Official,operating-systems
open-liberty:kernel-slim-java11-openj9,26,2,1,0,0,1,22,12934678,65,Official,web-servers
elasticsearch:8.14.0,39,3,5,3,0,1,27,860774525,6353,Official,databases-and-storage
swift:rhel-ubi9-slim,222,30,31,3,0,8,150,26311234,687,Official,languages-and-frameworks
vault:1.13.3,83,4,19,9,0,6,45,538553366,1112,Official,security
znc:slim,14,3,1,1,0,5,4,28270528,115,Official,
golang:1.23rc1-alpine3.19,0,0,0,0,0,0,0,2169767338,4871,Official,languages-and-frameworks
flink:1.18.1-java11,108,2,1,0,0,83,22,88612802,422,Official,data-science
logstash:7.17.21,146,8,34,39,2,11,52,193145622,2197,Official,monitoring-and-observability
xwiki:stable-mysql,59,0,4,1,1,12,41,32337763,299,Official,content-management-system
postfixadmin:fpm,1025,71,767,56,0,26,105,5231400,193,Official,developer-tools
rust:alpine3.20,3,0,0,0,0,0,3,84541863,982,Official,languages-and-frameworks
ibm-semeru-runtimes:open-8u412-b08-jdk-jammy,24,2,1,0,0,0,21,5304221,45,Official,languages-and-frameworks
spark:python3,435,53,132,34,2,139,75,265294,54,Official,data-science
neo4j:ubi9,1537,274,824,29,0,6,404,278348653,1225,Official,databases-and-storage
storm:2.6.2,316,2,31,61,24,62,136,8958378,195,Official,data-science
php:fpm-alpine,8,0,4,1,0,0,3,1170207867,7539,Official,languages-and-frameworks
emqx:5,63,5,0,0,0,0,58,1879708,81,Official,message-queues
docker:27.0.2-dind,3,0,0,1,0,1,1,2980899991,2600,Official,developer-tools
unit:php8,719,75,451,44,0,6,143,449766,31,Official,web-servers
solr:9.6.1-slim,81,0,1,0,0,57,23,314646205,985,Official,databases-and-storage
nextcloud:stable,1007,73,672,64,6,12,180,939750925,4094,Official,content-management-system
ghost:5.84-alpine,111,8,25,24,4,7,43,361382152,1712,Official,content-management-system
haskell:buster,1246,358,691,91,2,23,81,7949778,478,Official,languages-and-frameworks
mono:6.12.0,283,5,9,9,2,6,252,42860323,521,Official,languages-and-frameworks
irssi:alpine3.20,3,0,0,0,0,0,3,8216587,172,Official,
gradle:jdk-lts-and-current-jammy,107,3,6,6,0,1,91,239587983,575,Official,developer-tools
gcc:13.3,972,71,654,47,0,15,185,23889166,850,Official,languages-and-frameworks
postfixadmin:3.3.13-fpm,1025,71,767,56,0,26,105,5231400,193,Official,developer-tools
hitch:1.8.0-1,72,5,0,0,0,0,67,434753,24,Official,web-servers
alt:p10,0,0,0,0,0,0,0,711864,63,Official,operating-systems
couchbase:enterprise-7.6.1,116,20,58,22,1,2,13,86459240,917,Official,databases-and-storage
mongo-express:1.0.2-20-alpine3.19,31,3,8,4,1,1,14,239976842,1440,Official,databases-and-storage
rust:1.78.0-alpine3.20,3,0,0,0,0,0,3,84541863,982,Official,languages-and-frameworks
unit:1.32.1-php8.3,719,75,451,44,0,6,143,449766,31,Official,web-servers
phpmyadmin:fpm,882,70,666,53,2,8,83,64507723,991,Official,databases-and-storage
groovy:jdk21,27,0,0,0,0,0,27,76788228,151,Official,languages-and-frameworks
photon:4.0-20240602,4,0,4,0,0,0,0,17097756,195,Official,operating-systems
couchbase:enterprise,120,7,40,16,1,6,50,86459240,917,Official,databases-and-storage
swipl:9.3.2,90,5,0,0,0,4,81,3073296,67,Official,languages-and-frameworks
phpmyadmin:apache,893,132,668,54,3,8,28,64507723,991,Official,databases-and-storage
r-base:4.3.1,137,1,0,0,0,1,135,9998503,539,Official,languages-and-frameworks
mongo-express:1.0.2-18-alpine3.19,32,3,9,4,1,1,14,239976842,1440,Official,databases-and-storage
eclipse-temurin:8-jdk-ubi9-minimal,109,30,29,3,0,0,47,134237929,550,Official,languages-and-frameworks
node:21.7-alpine3.20,5,1,1,0,0,0,3,5155852497,13487,Official,languages-and-frameworks
hylang:python3.9-alpine3.20,11,1,2,2,0,0,6,25370750,60,Official,languages-and-frameworks
httpd:2.4-alpine3.20,8,0,2,3,0,0,3,4484298523,4727,Official,web-servers
matomo:fpm,888,72,668,59,1,8,80,122921979,333,Official,monitoring-and-observability
mediawiki:stable-fpm,953,70,661,50,0,11,161,44889121,548,Official,content-management-system
sapmachine:ubuntu-focal,18,4,1,0,0,0,13,22340852,49,Official,languages-and-frameworks
zookeeper:3.9.2,80,0,0,0,0,57,23,300045094,1430,Official,databases-and-storage
wordpress:beta-php8.3,938,70,656,48,0,8,156,1377387086,5587,Official,content-management-system
monica:5.0.0-beta-apache,909,72,667,59,1,8,102,11294526,191,Official,content-management-system
crate:5.7.1,168,1,1,3,0,12,151,18592897,225,Official,databases-and-storage
silverpeas:6.0.2,1615,324,639,194,58,42,358,1881618,45,Official,content-management-system
alt:p8,0,0,0,0,0,0,0,711864,63,Official,operating-systems
odoo:17,137,3,7,3,0,16,108,40306116,1345,Official,content-management-system
redis:7.0-alpine3.20,61,1,1,4,0,0,55,8755331519,12849,Official,databases-and-storage
zookeeper:3.9,80,0,0,0,0,57,23,300045094,1430,Official,databases-and-storage
ibm-semeru-runtimes:open-8u412-b08-jdk-focal,23,3,1,0,0,0,19,5304221,45,Official,languages-and-frameworks
percona:psmdb-5.0.18,115,2,41,57,6,0,9,178449172,629,Official,databases-and-storage
lightstreamer:7.4.2-jdk17-temurin,32,2,2,0,0,0,28,5776774,90,Official,message-queues
solr:9.6,131,3,14,10,1,59,44,314646205,985,Official,databases-and-storage
cassandra:5.0-beta1,122,6,15,10,1,1,89,211080924,1542,Official,databases-and-storage
gcc:13.3-bookworm,972,71,654,47,0,15,185,23889166,850,Official,languages-and-frameworks
jetty:jdk17,27,0,0,0,0,0,27,39715759,405,Official,web-servers
eclipse-temurin:8-jre-ubi9-minimal,109,30,29,3,0,0,47,134237929,550,Official,languages-and-frameworks
chronograf:1.9.4,209,6,13,12,1,3,174,154620069,361,Official,monitoring-and-observability
almalinux:9.4-minimal,32,0,0,0,0,7,25,6614527,162,Official,operating-systems
erlang:20.3-slim,97,5,2,1,1,2,86,55245510,363,Official,languages-and-frameworks
mongo:5-focal,79,2,2,4,0,0,71,4358857033,10260,Official,databases-and-storage
neo4j:community-ubi9,1537,274,824,29,0,6,404,278348653,1225,Official,databases-and-storage
hello-seattle:linux,0,0,0,0,0,0,0,4900751,14,Official,
postfixadmin:apache,1036,71,766,56,0,26,117,5231400,193,Official,developer-tools
kapacitor:1.6,111,5,18,9,0,6,73,58444032,261,Official,monitoring-and-observability
clojure:tools-deps-1.11.3.1456-bullseye-slim,143,5,0,0,0,3,135,36613901,358,Official,languages-and-frameworks
ubuntu:rolling,9,1,0,0,0,0,8,9203767586,17105,Official,operating-systems
silverpeas:6.2,1687,8,108,134,42,24,1371,1881618,45,Official,content-management-system
memcached:alpine,3,1,0,0,0,0,2,11135890128,2175,Official,databases-and-storage
photon:5.0,0,0,0,0,0,0,0,17097756,195,Official,operating-systems
crate:5.7,168,1,1,3,0,12,151,18592897,225,Official,databases-and-storage
bash:devel-alpine3.20,3,0,2,0,0,0,1,423900514,630,Official,developer-tools
jruby:9.4.7.0-jre8,156,43,73,15,0,0,25,50371665,116,Official,languages-and-frameworks
unit:php8.2,719,75,451,44,0,6,143,449766,31,Official,web-servers
alpine:edge,3,0,2,0,0,0,1,10501216760,10883,Official,operating-systems
percona:psmdb-4.4.22,300,1,23,23,0,175,78,178449172,629,Official,databases-and-storage
yourls:1.9.2,1007,70,766,54,0,26,91,21258156,288,Official,content-management-system
bash:devel-20240603-alpine3.20,3,0,0,0,0,0,3,423900514,630,Official,developer-tools
websphere-liberty:24.0.0.5-kernel-java17-openj9,24,2,1,0,0,0,21,23727085,299,Official,web-servers
crate:5.6,170,2,3,1,0,12,152,18592897,225,Official,databases-and-storage
mongo-express:1-20-alpine3.19,31,3,8,4,1,1,14,239976842,1440,Official,databases-and-storage
erlang:20-slim,97,5,2,1,1,2,86,55245510,363,Official,languages-and-frameworks
redmine:5.1.2-alpine3.20,101,5,51,22,6,10,7,68014881,1201,Official,content-management-system
swipl:9.2.5,90,5,0,0,0,4,81,3073296,67,Official,languages-and-frameworks
nextcloud:stable-fpm,999,73,673,64,6,12,171,939750925,4094,Official,content-management-system
unit:php8.3,719,75,451,44,0,6,143,449766,31,Official,web-servers
storm:2.6.1,304,2,27,58,23,62,132,8958378,195,Official,data-science
traefik:v3.0.1,15,1,6,1,0,0,7,3279704663,3212,Official,networking
odoo:16.0,289,9,4,5,1,26,244,40306116,1345,Official,content-management-system
ibmjava:jre,22,0,0,0,0,0,22,13103034,126,Official,languages-and-frameworks
xwiki:stable-mysql-tomcat,59,0,4,1,1,12,41,32337763,299,Official,content-management-system
alt:sisyphus,0,0,0,0,0,0,0,711864,63,Official,operating-systems
elasticsearch:8.13.4,53,6,9,5,0,2,31,860774525,6353,Official,databases-and-storage
amazoncorretto:8u412-al2-generic,5,1,0,0,0,4,0,85693617,397,Official,languages-and-frameworks
groovy:jdk17-jammy,27,0,0,0,0,0,27,76788228,151,Official,languages-and-frameworks
convertigo:8.1.0,386,12,36,68,18,6,246,4249049,55,Official,languages-and-frameworks
julia:bookworm,62,5,0,0,0,0,57,14927502,333,Official,languages-and-frameworks
alpine:3.20,3,0,0,0,0,0,3,10501216760,10883,Official,operating-systems
rocket.chat:6.7.0,300,14,40,44,6,54,142,73999845,808,Official,
convertigo:8.2.7,112,5,6,0,1,74,26,4249049,55,Official,languages-and-frameworks
spiped:1.6.2,833,70,658,48,0,9,48,3131618,65,Official,security
sonarqube:lts-datacenter-app,128,5,13,17,3,40,50,1067315424,2397,Official,integration-and-delivery
eclipse-mosquitto:1.6.15-openssl,7,0,0,0,0,1,6,615175958,1249,Official,message-queues
photon:3.0-20240602,3,0,2,1,0,0,0,17097756,195,Official,operating-systems
python:3.13.0b2-bullseye,909,77,470,41,0,17,304,7486837220,9645,Official,languages-and-frameworks
notary:signer-0.7.0,88,4,13,15,1,14,41,6566455,74,Official,security
ghost:5.84.1-alpine,111,8,25,24,4,7,43,361382152,1712,Official,content-management-system
vault:1.13.2,103,5,24,10,1,17,46,538553366,1112,Official,security
kapacitor:alpine,13,2,3,1,0,0,7,58444032,261,Official,monitoring-and-observability
composer:2.4.4,14,1,6,5,0,1,1,154282208,1066,Official,developer-tools
mongo-express:1.0-18-alpine3.19,32,3,9,4,1,1,14,239976842,1440,Official,databases-and-storage
composer:2.3,14,1,6,5,0,1,1,154282208,1066,Official,developer-tools
ghost:5.84.1,215,14,28,32,4,6,131,361382152,1712,Official,content-management-system
adminer:fastcgi,95,5,0,0,1,0,89,371422611,913,Official,databases-and-storage
rabbitmq:3.12.14-management,78,0,1,0,0,56,21,3483391282,5074,Official,message-queues
open-liberty:kernel-slim,26,2,1,0,0,1,22,12934678,65,Official,web-servers
clearlinux:base,0,0,0,0,0,0,0,6849027,173,Official,operating-systems
redis:7.0.15-alpine,61,1,1,4,0,0,55,8755331519,12849,Official,databases-and-storage
pypy:3.9,976,76,558,47,0,7,288,40032386,390,Official,languages-and-frameworks
rocket.chat:6.6,297,14,40,44,7,54,138,73999845,808,Official,
cirros:0.6,2,0,0,2,0,0,0,6674391,78,Official,operating-systems
php-zendserver:8.5-php5.6,699,175,496,16,1,1,10,4268448,212,Official,languages-and-frameworks
kapacitor:1.6.6,111,5,18,9,0,6,73,58444032,261,Official,monitoring-and-observability
drupal:7.101-php8.2-fpm-bullseye,813,75,543,44,0,4,147,193290007,1037,Official,content-management-system
nginx:stable-alpine-otel,19,0,4,1,0,6,8,11208853412,19918,Official,web-servers
httpd:2.4.59-alpine3.20,8,0,2,3,0,0,3,4484298523,4727,Official,web-servers
teamspeak:3.13.7,7,0,0,0,0,1,6,134294977,536,Official,
ruby:alpine3.20,5,0,2,0,0,0,3,1257870500,2327,Official,languages-and-frameworks
odoo:17.0,137,3,7,3,0,16,108,40306116,1345,Official,content-management-system
traefik:v3.0,13,1,7,1,0,0,4,3279704663,3212,Official,networking
tomcat:jre21-temurin,22,0,0,0,0,0,22,760711845,3671,Official,web-servers
solr:slim,81,0,1,0,0,57,23,314646205,985,Official,databases-and-storage
swipl:9.2.4,90,5,0,0,0,4,81,3073296,67,Official,languages-and-frameworks
mongo:5.0.27,79,2,2,4,0,0,71,4358857033,10260,Official,databases-and-storage
nextcloud:stable-apache,1007,73,672,64,6,12,180,939750925,4094,Official,content-management-system
znc:1.9.0,19,3,2,4,0,6,4,28270528,115,Official,
matomo:5.0.3-fpm,892,72,670,60,2,8,80,122921979,333,Official,monitoring-and-observability
gcc:13.3.0-bookworm,972,71,654,47,0,15,185,23889166,850,Official,languages-and-frameworks
emqx:5.6,63,5,0,0,0,0,58,1879708,81,Official,message-queues
postgres:alpine,3,0,0,0,0,0,3,8731561121,13472,Official,databases-and-storage
notary:server,86,4,10,16,1,14,41,6566455,74,Official,security
mono:6.12.0.182-slim,182,5,0,0,0,3,174,42860323,521,Official,languages-and-frameworks
elasticsearch:7.17.21,47,4,8,3,0,1,31,860774525,6353,Official,databases-and-storage
eggdrop:1.9,14,1,1,0,0,11,1,2809332,79,Official,
mono:slim,182,5,0,0,0,3,174,42860323,521,Official,languages-and-frameworks
znc:1.9-slim,14,3,1,1,0,5,4,28270528,115,Official,
haproxy:lts-alpine3.20,5,0,2,0,0,0,3,1018057305,1921,Official,web-servers
mysql:lts-oracle,134,1,23,14,0,40,56,4305301781,15137,Official,databases-and-storage
phpmyadmin:5.2.1-fpm,882,70,666,53,2,8,83,64507723,991,Official,databases-and-storage
redis:7.0.15-alpine3.20,61,1,1,4,0,0,55,8755331519,12849,Official,databases-and-storage
couchdb:3.1,201,5,0,0,0,89,107,189385990,565,Official,databases-and-storage
nginx:stable-alpine-perl,19,0,4,1,0,6,8,11208853412,19918,Official,web-servers
telegraf:1.30,73,5,1,0,0,2,65,595630842,665,Official,monitoring-and-observability
sonarqube:lts-enterprise,118,3,11,15,3,40,46,1067315424,2397,Official,integration-and-delivery
mono:6.12.0-slim,182,5,0,0,0,3,174,42860323,521,Official,languages-and-frameworks
varnish:7.5,859,70,657,49,0,11,72,16994922,168,Official,web-servers
ruby:3.3.2-slim-bullseye,670,74,471,41,0,15,69,1257870500,2327,Official,languages-and-frameworks
zookeeper:3.9-jre-17,80,0,0,0,0,57,23,300045094,1430,Official,databases-and-storage
flink:1.18.1-java17,108,2,1,0,0,83,22,88612802,422,Official,data-science
cassandra:5.0-jammy,121,25,35,41,6,0,14,211080924,1542,Official,databases-and-storage
mono:6.12.0.182,283,5,9,9,2,6,252,42860323,521,Official,languages-and-frameworks
memcached:1.6.28-bookworm,49,5,0,0,0,0,44,11135890128,2175,Official,databases-and-storage
plone:5.2-python38,1086,85,531,85,10,99,276,6625827,96,Official,content-management-system
friendica:stable-apache,940,79,473,68,3,14,303,4852186,86,Official,
varnish:7.5.0,859,70,657,49,0,11,72,16994922,168,Official,web-servers
swipl:9.3.6,90,5,0,0,0,4,81,3073296,67,Official,languages-and-frameworks
consul:1.14.8,73,6,15,4,0,14,34,1033856217,1438,Official,
buildpack-deps:noble,128,34,53,9,0,1,31,233190199,669,Official,developer-tools
tomee:9.1.3-jre17-Temurin-ubuntu-webprofile,36,3,5,0,0,0,28,23838103,115,Official,web-servers
ghost:5.84,215,14,28,32,4,6,131,361382152,1712,Official,content-management-system
jruby:9.4.7.0-jre11,156,43,73,15,0,0,25,50371665,116,Official,languages-and-frameworks
api-firewall:0.7.1,12,1,1,0,0,1,9,37480,50,Official,api-management
odoo:16.0-20240603,290,9,4,5,1,24,247,40306116,1345,Official,content-management-system
docker:27.0.2-dind-alpine3.20,3,0,0,1,0,1,1,2980899991,2600,Official,developer-tools
odoo:17.0-20240603,137,3,7,3,0,16,108,40306116,1345,Official,content-management-system
erlang:20.3.8.26-slim,97,5,2,1,1,2,86,55245510,363,Official,languages-and-frameworks
sapmachine:ubuntu-noble,11,2,0,0,0,0,9,22340852,49,Official,languages-and-frameworks
vault:1.12.6,96,5,20,9,1,15,46,538553366,1112,Official,security
busybox:stable-musl,4,0,4,0,0,0,0,10941119635,3268,Official,operating-systems
mageia:9,527,112,283,1,0,10,121,1624131,44,Official,operating-systems
julia:1.10.4-bookworm,62,5,0,0,0,0,57,14927502,333,Official,languages-and-frameworks
gradle:jdk-lts-and-current,107,3,6,6,0,1,91,239587983,575,Official,developer-tools
node:21.7.3-alpine3.20,5,1,1,0,0,0,3,5155852497,13487,Official,languages-and-frameworks
teamspeak:3.13.3,52,1,6,8,2,15,20,134294977,536,Official,
fedora:38,2,0,0,0,0,2,0,119427901,1205,Official,operating-systems
silverpeas:6.1.2,1392,120,356,146,46,25,699,1881618,45,Official,content-management-system
fluentd:v1.16-1,18,4,4,1,0,7,2,11490508,194,Official,monitoring-and-observability
sl:7,726,3,2,3,3,10,705,602118,55,Official,operating-systems
matomo:5.0.3-apache,903,72,669,60,2,8,92,122921979,333,Official,monitoring-and-observability
archlinux:multilib-devel-20240101.0.204074,11,0,0,1,0,3,7,26344871,565,Official,operating-systems
ghost:alpine,109,8,25,22,4,7,43,361382152,1712,Official,content-management-system
haproxy:lts-alpine,5,0,2,0,0,0,3,1018057305,1921,Official,web-servers
python:3.13.0b2-slim-bookworm,56,5,0,0,0,0,51,7486837220,9645,Official,languages-and-frameworks
rockylinux:9.3.20231119,194,1,3,0,0,11,179,32812715,239,Official,operating-systems
tomee:9.1.3-jre17-Semeru-ubuntu-webprofile,34,3,5,0,0,0,26,23838103,115,Official,web-servers
percona:psmdb-6.0,297,1,23,21,0,178,74,178449172,629,Official,databases-and-storage
jruby:9.4.7.0-jre17,156,43,73,15,0,0,25,50371665,116,Official,languages-and-frameworks
spark:python3-java17,478,48,194,37,2,115,82,265294,54,Official,data-science
monica:5.0-fpm,898,72,668,59,1,8,90,11294526,191,Official,content-management-system
varnish:old,859,70,657,49,0,11,72,16994922,168,Official,web-servers
chronograf:1.9,209,6,13,12,1,3,174,154620069,361,Official,monitoring-and-observability
clojure:tools-deps-bookworm-slim,100,5,0,0,0,3,92,36613901,358,Official,languages-and-frameworks
satosa:bookworm,67,5,0,0,0,2,60,298348,12,Official,api-management
amazoncorretto:8u412-al2-native-jre,16,0,6,1,0,4,5,85693617,397,Official,languages-and-frameworks
jetty:jdk21,27,0,0,0,0,0,27,39715759,405,Official,web-servers
amazonlinux:2,4,0,0,0,0,4,0,862747637,1412,Official,operating-systems
postfixadmin:3.3.13,1036,71,766,56,0,26,117,5231400,193,Official,developer-tools
elixir:1.12.3-slim,74,5,1,0,0,0,68,56724865,563,Official,languages-and-frameworks
busybox:glibc,4,0,4,0,0,0,0,10941119635,3268,Official,operating-systems
haxe:4.1-alpine3.19,26,0,4,2,0,18,2,24637216,62,Official,languages-and-frameworks
irssi:1.4.5-alpine3.20,3,0,0,0,0,0,3,8216587,172,Official,
perl:devel-threaded-bookworm,967,71,653,47,0,11,185,238455902,460,Official,languages-and-frameworks
debian:unstable-slim,27,0,0,0,0,0,27,1268879068,5020,Official,operating-systems
chronograf:1.10,75,5,1,2,1,1,65,154620069,361,Official,monitoring-and-observability
couchdb:3,95,5,0,0,0,0,90,189385990,565,Official,databases-and-storage
znc:1.9.0-slim,14,3,1,1,0,5,4,28270528,115,Official,
swipl:stable,90,5,0,0,0,4,81,3073296,67,Official,languages-and-frameworks
nats:alpine,18,2,0,6,1,1,8,199591552,484,Official,message-queues
backdrop:1.26.1,882,70,661,49,0,9,93,6975022,114,Official,content-management-system
cassandra:5.0-beta1-jammy,122,6,15,10,1,1,89,211080924,1542,Official,databases-and-storage
wordpress:beta-php8.3-fpm,930,70,657,48,0,8,147,1377387086,5587,Official,content-management-system
postgres:alpine3.19,7,0,0,0,0,3,4,8731561121,13472,Official,databases-and-storage
varnish:stable,796,75,540,43,0,23,115,16994922,168,Official,web-servers
joomla:php8.3-fpm-alpine,102,2,58,32,6,4,0,83060808,442,Official,content-management-system
swift:slim,20,0,0,0,0,0,20,26311234,687,Official,languages-and-frameworks
composer:2.2.23,12,1,4,3,0,1,3,154282208,1066,Official,developer-tools
haxe:4.1.5-alpine,26,0,4,2,0,18,2,24637216,62,Official,languages-and-frameworks
pypy:3.9-7.3,976,76,558,47,0,7,288,40032386,390,Official,languages-and-frameworks
httpd:alpine,8,0,2,3,0,0,3,4484298523,4727,Official,web-servers
mageia:8,589,157,305,5,1,3,118,1624131,44,Official,operating-systems
buildpack-deps:noble-scm,14,1,0,0,0,0,13,233190199,669,Official,developer-tools
nats:2.9.25-scratch,22,3,1,7,1,0,10,199591552,484,Official,message-queues
spiped:alpine,3,0,0,0,0,0,3,3131618,65,Official,security
golang:1.23rc1-alpine3.20,0,0,0,0,0,0,0,2169767338,4871,Official,languages-and-frameworks
geonetwork:4,224,34,89,59,9,6,27,5238687,83,Official,data-science
open-liberty:full-java8-openj9,26,2,1,0,0,1,22,12934678,65,Official,web-servers
haskell:slim-buster,1094,77,687,87,0,29,214,7949778,478,Official,languages-and-frameworks
storm:2.6.2-jre17,316,2,31,61,24,61,137,8958378,195,Official,data-science
openjdk:23-ea-oraclelinux8,142,0,19,9,0,114,0,2479898199,3919,Official,
arangodb:3.12.0.2,37,3,4,8,1,7,14,36479732,289,Official,databases-and-storage
mongo:5.0.27-focal,79,2,2,4,0,0,71,4358857033,10260,Official,databases-and-storage
cirros:0.6.2,2,0,0,2,0,0,0,6674391,78,Official,operating-systems
archlinux:base-devel-20240101.0.204074,11,0,0,1,0,3,7,26344871,565,Official,operating-systems
fedora:40,1,0,0,0,0,1,0,119427901,1205,Official,operating-systems
telegraf:1.30.3-alpine,7,0,1,0,0,0,6,595630842,665,Official,monitoring-and-observability
percona:psmdb-6.0.6,297,1,22,21,0,178,75,178449172,629,Official,databases-and-storage
elixir:1.12-slim,74,5,1,0,0,0,68,56724865,563,Official,languages-and-frameworks
gazebo:libgazebo11-focal,535,89,278,29,2,1,136,4441653,140,Official,languages-and-frameworks
geonetwork:4.4.4,235,12,55,42,7,17,102,5238687,83,Official,data-science
kibana:8.13.0,58,5,8,7,1,3,34,193923653,2727,Official,monitoring-and-observability
eggdrop:stable,14,1,1,0,0,11,1,2809332,79,Official,
varnish:fresh,859,70,657,49,0,11,72,16994922,168,Official,web-servers
percona:psmdb-5.0,293,1,22,17,0,178,75,178449172,629,Official,databases-and-storage
dart:stable-sdk,89,5,0,0,0,0,84,2141623,140,Official,languages-and-frameworks
znc:1.9,19,3,2,4,0,6,4,28270528,115,Official,
unit:php,719,75,451,44,0,6,143,449766,31,Official,web-servers
sapmachine:ubuntu-22.04,25,3,1,0,0,0,21,22340852,49,Official,languages-and-frameworks
couchbase:enterprise-7.0.5,355,27,83,50,2,35,158,86459240,917,Official,databases-and-storage
redmine:5.1.2-alpine,101,5,51,22,6,10,7,68014881,1201,Official,content-management-system
groovy:jdk8,23,0,0,0,0,0,23,76788228,151,Official,languages-and-frameworks
maven:sapmachine,14,1,0,0,0,0,13,659120407,1573,Official,languages-and-frameworks
rakudo-star:bookworm,99,5,0,0,0,1,93,2482434,60,Official,languages-and-frameworks
pypy:3.10-7.3.16,976,76,558,47,0,7,288,40032386,390,Official,languages-and-frameworks
consul:1.13.9,85,6,18,8,0,16,37,1033856217,1438,Official,
telegraf:1.30-alpine,7,0,1,0,0,0,6,595630842,665,Official,monitoring-and-observability
eggdrop:develop,7,0,0,0,0,1,6,2809332,79,Official,
silverpeas:6.3.5,507,5,71,87,37,28,279,1881618,45,Official,content-management-system
golang:1.23rc1-alpine,0,0,0,0,0,0,0,2169767338,4871,Official,languages-and-frameworks
dart:beta-sdk,89,5,0,0,0,0,84,2141623,140,Official,languages-and-frameworks
php-zendserver:9.1,710,175,502,20,1,1,11,4268448,212,Official,languages-and-frameworks
joomla:4.4-php8.2-fpm-alpine,106,2,60,34,6,4,0,83060808,442,Official,content-management-system
nextcloud:production-apache,1007,73,672,64,6,12,180,939750925,4094,Official,content-management-system
couchbase:enterprise-7.1.6,283,22,76,31,1,33,120,86459240,917,Official,databases-and-storage
eclipse-mosquitto:2.0-openssl,7,0,0,0,0,1,6,615175958,1249,Official,message-queues
busybox:musl,4,0,4,0,0,0,0,10941119635,3268,Official,operating-systems
tomee:9.1.3-jre17-Temurin-webprofile,36,3,5,0,0,0,28,23838103,115,Official,web-servers
nats:alpine3.19,18,2,0,6,1,1,8,199591552,484,Official,message-queues
websphere-liberty:kernel-java11-openj9,24,2,1,0,0,0,21,23727085,299,Official,web-servers
busybox:stable-glibc,4,0,4,0,0,0,0,10941119635,3268,Official,operating-systems
kong:3.7,25,0,0,0,0,0,25,323935838,781,Official,api-management
bonita:9.0.0,67,5,12,11,6,10,23,12588716,184,Official,languages-and-frameworks
sonarqube:lts-community,110,3,10,12,2,40,43,1067315424,2397,Official,integration-and-delivery
caddy:2.8.4-builder,5,0,0,0,0,0,5,626004008,744,Official,web-servers
caddy:builder,5,0,0,0,0,0,5,626004008,744,Official,web-servers
friendica:stable-fpm,931,79,474,68,3,14,293,4852186,86,Official,
tomcat:jre21-temurin-jammy,22,0,0,0,0,0,22,760711845,3671,Official,web-servers
mageia:cauldron,1,0,0,0,0,1,0,1624131,44,Official,operating-systems
redmine:5.1-alpine3.20,100,5,51,22,6,11,5,68014881,1201,Official,content-management-system
maven:3.9.7-sapmachine-22,14,1,0,0,0,0,13,659120407,1573,Official,languages-and-frameworks
amazonlinux:2023.4.20240528.0,5,0,1,0,0,3,1,862747637,1412,Official,operating-systems
orientdb:3.2.30-tp3,94,17,22,9,0,2,44,15159809,183,Official,databases-and-storage
vault:1.12.7,76,4,15,8,0,4,45,538553366,1112,Official,security
openjdk:23-ea-25-oraclelinux8,142,0,19,9,0,114,0,2479898199,3919,Official,
convertigo:8.2.5,132,6,8,0,1,74,43,4249049,55,Official,languages-and-frameworks
alpine:3,3,1,0,0,0,0,2,10501216760,10883,Official,operating-systems
almalinux:9.4-minimal-20240530,32,0,0,0,0,7,25,6614527,162,Official,operating-systems
plone:5.2.13-python38,1084,85,530,85,10,97,277,6625827,96,Official,content-management-system
erlang:22.3.4.27-slim,96,5,1,1,1,2,86,55245510,363,Official,languages-and-frameworks
docker:27.0.2,3,0,0,1,0,1,1,2980899991,2600,Official,developer-tools
ibm-semeru-runtimes:open-8u412-b08-jre-jammy,24,2,1,0,0,0,21,5304221,45,Official,languages-and-frameworks
haxe:4.1.5-alpine3.18,38,0,4,2,0,20,12,24637216,62,Official,languages-and-frameworks
rakudo-star:2024.03,103,5,0,0,0,1,97,2482434,60,Official,languages-and-frameworks
rabbitmq:3.12-management,78,0,1,0,0,56,21,3483391282,5074,Official,message-queues
phpmyadmin:5.2.1-apache,893,70,665,53,2,8,95,64507723,991,Official,databases-and-storage
zookeeper:3.9.2-jre-17,80,0,0,0,0,57,23,300045094,1430,Official,databases-and-storage
matomo:5.0.3,903,72,669,60,2,8,92,122921979,333,Official,monitoring-and-observability
mariadb:11.5-ubi9-rc,153,18,24,7,0,13,91,2772489085,5770,Official,databases-and-storage
emqx:5.7,63,5,0,0,0,0,58,1879708,81,Official,message-queues
liquibase:4.28.0,40,3,1,1,0,1,34,4250,0,Official,developer-tools
flink:1.18.1-scala_2.12-java17,108,2,1,0,0,83,22,88612802,422,Official,data-science
friendica:fpm,931,79,474,68,3,14,293,4852186,86,Official,
satosa:8.4.0-bookworm,67,5,0,0,0,2,60,298348,12,Official,api-management
spark:r,448,64,136,34,2,131,81,265294,54,Official,data-science
openjdk:23-ea-jdk-oraclelinux8,142,0,19,9,0,114,0,2479898199,3919,Official,
eggdrop:1.9.4,21,1,6,1,0,10,3,2809332,79,Official,
hylang:python3.10-alpine3.20,10,1,2,1,0,1,5,25370750,60,Official,languages-and-frameworks
gradle:jdk-21-and-22-jammy,107,3,6,6,0,1,91,239587983,575,Official,developer-tools
elixir:1.12.3-alpine,5,0,0,0,0,4,1,56724865,563,Official,languages-and-frameworks
cirros:0,2,0,0,2,0,0,0,6674391,78,Official,operating-systems
backdrop:1.26.1-fpm,871,70,662,49,0,9,81,6975022,114,Official,content-management-system
php-zendserver:2021.0,257,66,168,13,0,6,4,4268448,212,Official,languages-and-frameworks
haskell:slim,1094,77,687,87,0,29,214,7949778,478,Official,languages-and-frameworks
gazebo:gzserver11,323,45,154,0,0,0,124,4441653,140,Official,languages-and-frameworks
tomee:9.1.3-jre17-Semeru-webprofile,34,3,5,0,0,0,26,23838103,115,Official,web-servers
rust:alpine,3,0,0,0,0,0,3,84541863,982,Official,languages-and-frameworks
