Image and Tag Name,Number of unique CVEs,Low CVEs,Medium CVEs,High CVEs,Critical CVEs,Unassigned CVEs,Differing CVEs,Number of Pulls,Number of Repo Stars,Category,SubCategories,Size
photoprism/photoprism:ubuntu,733,84,474,9,0,82,84,44324507,371,sponsored,content-management-system/machine-learning-and-ai/web-servers,849987236
linuxserver/code-server:version-4.89.1,105,8,11,35,3,13,35,63409434,639,sponsored,languages-and-frameworks/integration-and-delivery/security,186510105
jupyter/all-spark-notebook:x86_64-r-4.3.1,885,95,403,62,4,65,256,74501327,435,sponsored,data-science/languages-and-frameworks/machine-learning-and-ai,2150179520
linuxserver/ddclient:v3.11.2-ls161,13,0,2,0,0,3,8,80100071,171,sponsored,integration-and-delivery/internet-of-things/networking,25233797
apache/airflow:slim-2.9.2rc1-python3.9,111,6,4,5,0,1,95,1286219445,521,sponsored,data-science/integration-and-delivery/machine-learning-and-ai,223097557
cloudnativelabs/kube-router:v1.6.1,74,2,10,5,0,7,50,150802753,12,sponsored,networking/security,49612096
nodered/node-red-docker:v8,1960,59,303,210,17,308,1063,94166845,363,sponsored,,365424683
linuxserver/tvheadend:arm64v8-latest,37,1,6,1,0,17,12,82769936,276,sponsored,,266196265
linuxserver/couchpotato:arm64v8-version-7260c12f,98,5,34,45,10,4,0,149181576,390,sponsored,,28107626
jenkins/ssh-agent:latest-debian-jdk21,117,6,0,2,0,0,109,57752344,53,sponsored,integration-and-delivery/security,173944548
istio/pilot:1.20.7,41,5,6,1,1,0,28,11452805606,15,sponsored,monitoring-and-observability/networking/security,243
openebs/zfs-driver:policy1-ci,98,37,36,3,0,0,22,65502345,3,sponsored,,92634173
nicolargo/glances:4.0.7-full,15,1,1,0,0,7,6,78950859,178,sponsored,monitoring-and-observability/networking,84295574
moby/buildkit:v0.14.0-rc1-rootless,48,3,10,6,0,0,29,423269407,57,sponsored,,98874362
linuxserver/airsonic:10.6.2,751,117,220,44,11,11,348,68744500,109,sponsored,,283562313
paketobuildpacks/build:1.3.176-full-cnb,581,187,309,19,7,1,58,69622980,35,sponsored,languages-and-frameworks/integration-and-delivery/security,400480058
fluent/fluentd:v1.17.0-debian-armhf-1.0,54,5,1,0,0,2,46,138951893,362,sponsored,,82539581
linuxserver/jellyfin:version-10.9.6ubu2204,44,12,4,2,0,1,25,139774537,700,sponsored,content-management-system/web-servers,305354684
photoprism/photoprism:preview,733,84,474,9,0,82,84,44324507,371,sponsored,content-management-system/machine-learning-and-ai/web-servers,849987632
openpolicyagent/gatekeeper:0736dc0,5,1,2,0,0,0,2,3037069850,3,sponsored,,41718073
linuxserver/rutorrent:arm64v8-version-v3.10,277,12,96,114,43,4,8,153555666,179,sponsored,,78410868
linuxserver/sickrage:arm64v8-86207e9e-ls9,481,23,171,162,40,15,70,41272524,144,sponsored,,118231660
paketobuildpacks/build:1.3.177-full,581,187,309,19,7,1,58,69622980,35,sponsored,languages-and-frameworks/integration-and-delivery/security,400548581
linuxserver/hydra:arm32v7-version-0.2.233,377,18,140,116,28,15,60,104862964,107,sponsored,,59543359
linuxserver/tautulli:develop-version-a3af8ed3,25,3,5,2,0,5,10,977374373,421,sponsored,monitoring-and-observability/web-analytics,70671075
shadowsocks/shadowsocks-libev:v3.3.5,104,0,0,1,1,55,47,43317728,484,sponsored,,8332001
certbot/certbot:arm64v8-latest,15,2,3,0,0,4,6,301204194,618,sponsored,security/web-servers,42906764
openpolicyagent/gatekeeper:v3.16.3,5,1,2,0,0,0,2,3037069850,3,sponsored,,41530701
linuxserver/hydra:amd64-version-0.2.233,377,18,140,116,28,15,60,104862964,107,sponsored,,61698361
jupyter/scipy-notebook:x86_64-notebook-7.0.6,713,91,379,36,2,7,198,90836631,449,sponsored,data-science/machine-learning-and-ai,1316292371
linuxserver/deluge:arm64v8-2.1.1,17,1,9,2,0,3,2,326886480,583,sponsored,,55679707
selenium/standalone-chrome-debug:3.141,567,31,49,7,0,2,478,108388061,103,sponsored,,435749493
linuxserver/medusa:v1.0.21-ls187,61,4,17,15,0,15,10,73868879,108,sponsored,content-management-system,114231298
linuxserver/letsencrypt:arm64v8-version-1.11.0,350,23,102,133,51,9,32,400686080,596,sponsored,,92223380
fluent/fluent-bit:3.0.7,38,0,0,0,0,0,38,14427050361,108,sponsored,integration-and-delivery/internet-of-things/monitoring-and-observability,325
selenium/node-chrome:nightly,84,21,26,0,0,0,37,249130138,262,sponsored,languages-and-frameworks/integration-and-delivery,506152214
linuxserver/freshrss:1.24.1,17,0,6,1,0,3,7,46883149,193,sponsored,content-management-system/integration-and-delivery/web-analytics,34803982
linuxserver/sickchill:arm64v8-2024.3.1,22,2,2,1,0,7,10,42206821,55,sponsored,content-management-system/integration-and-delivery,84490761
apache/superset:066f6b1-websocket,32,1,7,5,1,3,15,504512273,257,sponsored,data-science/security,45571704
jenkins/jenkins:jdk11,97,6,1,0,1,0,89,4638550514,3920,sponsored,integration-and-delivery/monitoring-and-observability/security,284664704
itzg/minecraft-bedrock-server:test-multiarch,234,5,7,11,0,3,208,35364780,464,sponsored,integration-and-delivery/operating-systems,73557596
linuxserver/muximux:amd64-version-418923c8,95,6,32,42,15,0,0,104242833,168,sponsored,,23380521
linuxkit/kernel:6.6.13-builder,89,1,1,0,0,72,15,120664251,24,sponsored,internet-of-things/operating-systems/security,751608762
linuxserver/medusa:version-v1.0.21,61,4,17,15,0,15,10,73868879,108,sponsored,content-management-system,114231298
linuxserver/nginx:amd64-1.26.1,15,0,8,4,0,0,3,69942647,216,sponsored,api-management/security/web-servers,50753690
requarks/wiki:2.5,158,3,31,16,6,54,48,105395239,336,sponsored,content-management-system/integration-and-delivery/web-servers,138798107
istio/pilot:1.22.0,38,6,3,1,1,0,27,11452805606,15,sponsored,monitoring-and-observability/networking/security,486
longhornio/longhorn-manager:v1.5.x-head,29,2,2,4,0,10,11,91083785,3,sponsored,,114897834
fluxcd/flux:1.25.3,314,4,31,36,5,56,182,1862750615,7,sponsored,integration-and-delivery/monitoring-and-observability/security,98042754
gogs/gogs:0.13-amd64,195,3,23,15,6,15,133,91202163,770,sponsored,languages-and-frameworks/integration-and-delivery/security,44996129
linuxserver/jellyfin:10.9.6ubu2204-ls19,44,12,4,2,0,1,25,139774537,700,sponsored,content-management-system/web-servers,305354684
linuxserver/bazarr:1.4.3,41,2,9,1,0,16,13,457713170,430,sponsored,languages-and-frameworks/web-servers,143723945
tautulli/tautulli:beta,107,7,1,3,0,1,95,195640892,308,sponsored,monitoring-and-observability/web-analytics,78563891
nodered/node-red:3.1-debian,1147,78,706,95,0,15,253,273859560,684,sponsored,api-management/integration-and-delivery/internet-of-things,267492039
jenkins/ssh-agent:latest-bookworm-jdk21,117,6,0,2,0,0,109,57752344,53,sponsored,integration-and-delivery/security,173944548
longhornio/longhorn-manager:v1.6.x-head-amd64,33,2,2,4,0,14,11,91083785,3,sponsored,,113043928
tensorflow/tensorflow:nightly-gpu,186,44,38,7,0,15,82,77301907,2431,sponsored,,3833240293
jupyter/tensorflow-notebook:x86_64-python-3.11,723,91,382,38,1,8,203,74169327,365,sponsored,data-science/languages-and-frameworks/machine-learning-and-ai,1867308290
istio/operator:1.22.0,38,6,3,1,1,0,27,6071557055,6,sponsored,monitoring-and-observability/networking/security,492
cloudnativelabs/kube-router:v2.1.0,35,2,5,2,0,3,23,150802753,12,sponsored,networking/security,100908082
linuxserver/hydra2:version-v3.0.0,672,54,155,73,22,6,362,358868754,109,sponsored,,189418580
linuxserver/letsencrypt:amd64-version-1.11.0,350,23,102,133,51,9,32,400686080,596,sponsored,,89658909
moby/buildkit:master,23,2,8,4,2,0,7,423269407,57,sponsored,,92101005
linuxserver/emby:arm64v8-4.8.8,25,2,1,2,0,1,19,42985443,200,sponsored,content-management-system/web-servers,193616232
linuxserver/resilio-sync:arm64v8-2.8.1,23,2,1,0,0,1,19,63785602,229,sponsored,data-science/networking/security,80568852
nicolargo/glances:ubuntu-4.0.7,19,1,2,0,0,1,15,78950859,178,sponsored,monitoring-and-observability/networking,78670535
verdaccio/verdaccio:6.x-next,25,2,6,7,0,0,10,209633280,193,sponsored,,197668643
linuxserver/lazylibrarian:arm64v8-version-d8b2234c,49,3,9,1,0,1,35,237657888,215,sponsored,content-management-system/integration-and-delivery,136301894
itzg/minecraft-bedrock-server:master,149,6,1,0,0,71,71,35364780,464,sponsored,integration-and-delivery/operating-systems,74705707
longhornio/longhorn-manager:v1.6.x-head,29,2,2,4,0,10,11,91083785,3,sponsored,,113043928
linuxserver/sonarr:develop-4.0.5.1719-ls64,14,0,3,6,0,0,5,2290249787,1996,sponsored,,85247479
falcosecurity/falco:master-slim,69,6,1,0,0,0,62,46824437,16,sponsored,,66658103
jupyter/all-spark-notebook:x86_64-lab-4.0.7,452,37,58,34,2,89,232,74501327,435,sponsored,data-science/languages-and-frameworks/machine-learning-and-ai,2150179520
coredns/coredns:1.11.0,41,2,11,4,0,1,23,283244923,152,sponsored,monitoring-and-observability/networking/security,18166459
istio/operator:1.21.3,43,6,6,1,1,0,29,6071557055,6,sponsored,monitoring-and-observability/networking/security,246
selenium/standalone-chrome-debug:3.141.59-20210929,567,31,49,7,0,2,478,108388061,103,sponsored,,435749493
fluent/fluentd:v1.17-debian-armhf-1,54,5,1,0,0,2,46,138951893,362,sponsored,,82539581
kindest/node:v1.28.9,113,6,11,7,0,2,87,94116338,105,sponsored,integration-and-delivery/networking/operating-systems,408817066
linuxserver/couchpotato:arm32v7-version-7260c12f,98,5,34,45,10,4,0,149181576,390,sponsored,,26636305
eclipse/che-jwtproxy:0.0.1,119,0,0,0,1,99,19,54473332,2,sponsored,api-management/integration-and-delivery/security,4451471
pactfoundation/pact-broker:2,23,2,2,1,0,3,15,70220454,18,sponsored,api-management/integration-and-delivery/developer-tools,265294128
linuxserver/piwigo:14.4.0,80,0,52,22,6,0,0,35901627,219,sponsored,content-management-system/security,119499665
linuxserver/sickrage:arm64v8-latest,481,23,171,162,40,15,70,41272524,144,sponsored,,118231660
gogs/gogs:0.13-arm64,175,2,16,10,1,15,131,91202163,770,sponsored,languages-and-frameworks/integration-and-delivery/security,43555861
linuxserver/calibre:4.23.0-v4,242,35,64,14,4,16,109,47854750,303,sponsored,content-management-system/databases-and-storage,1029201333
linuxserver/duckdns:arm64v8-version-72e081dd,16,0,2,0,0,3,11,208051434,393,sponsored,internet-of-things/networking,15347661
linuxserver/sabnzbd:nightly,6,3,1,0,0,0,2,700484624,616,sponsored,content-management-system/integration-and-delivery,70613734
certbot/certbot:v2.11.0,20,4,5,1,0,4,6,301204194,618,sponsored,security/web-servers,43019687
linuxserver/heimdall:development-f405cf2d-ls304,23,0,7,3,0,3,10,574910667,1092,sponsored,content-management-system/monitoring-and-observability/security,46265944
istio/install-cni:1.20.7,41,5,6,1,1,0,28,168664493,0,sponsored,integration-and-delivery/networking/security,249
jupyterhub/k8s-singleuser-sample:4.0.0-0.dev.git.6588.hd5ba9a9f,143,7,9,3,0,2,122,65147983,10,sponsored,,178882581
linuxserver/mylar:94dcfd13-ls47,411,18,152,133,31,15,62,89852071,120,sponsored,,94064981
redash/redash:10.0.0.b50363,2133,112,1132,306,9,37,537,61364081,252,sponsored,data-science/web-analytics,446300651
linuxserver/mariadb:version-10.11.8-r0,4,1,1,0,0,0,2,404654251,391,sponsored,databases-and-storage/integration-and-delivery/security,101779546
linuxserver/nextcloud:arm64v8-29.0.2,125,0,57,20,7,18,23,317959825,734,sponsored,,335359240
sitespeedio/sitespeed.io:34.1.0-plus1,804,99,392,48,1,20,244,47484508,116,sponsored,integration-and-delivery/monitoring-and-observability/web-analytics,1550279305
selenium/hub:4.21.0,37,5,4,0,0,0,28,204244449,453,sponsored,integration-and-delivery/monitoring-and-observability/networking,186654869
postgis/postgis:16-3.4-alpine,28,0,5,1,0,13,9,189132103,228,sponsored,,159493771
sitespeedio/sitespeed.io:34.1.0-slim,171,9,12,11,1,2,136,47484508,116,sponsored,integration-and-delivery/monitoring-and-observability/web-analytics,332712772
linuxserver/headphones:version-a78f38c1,84,1,1,1,0,35,46,88886603,221,sponsored,,70260492
tensorflow/tensorflow:nightly,157,44,38,7,0,16,52,77301907,2431,sponsored,,561115764
certbot/certbot:arm64v8-v2.11.0,15,2,3,0,0,4,6,301204194,618,sponsored,security/web-servers,42906764
linuxserver/sonarr:4.0.5-develop,11,0,3,6,0,0,2,2290249787,1996,sponsored,,85247479
linuxserver/grocy:4.2.0,31,0,14,1,1,4,11,54696470,150,sponsored,content-management-system,66321262
tautulli/tautulli:v2.14.0-beta,107,7,1,3,0,1,95,195640892,308,sponsored,monitoring-and-observability/web-analytics,78519274
linuxserver/ddclient:amd64-3.11.2,13,0,4,0,0,3,6,80100071,171,sponsored,integration-and-delivery/internet-of-things/networking,25233797
linuxserver/hydra2:amd64-version-v3.0.0,672,54,155,73,22,6,362,358868754,109,sponsored,,189418580
linuxserver/ombi:v4.43.5-ls192,27,2,1,0,0,0,24,966346568,460,sponsored,content-management-system/integration-and-delivery/web-servers,146440603
eclipse/che-dev:7.6.0,3587,749,995,194,38,95,1516,92432179,7,sponsored,,600649362
apache/superset:961cb96-dev,1111,77,702,63,3,13,253,504512273,257,sponsored,data-science/security,1032753204
istio/mixer:1.7.8-distroless,151,2,16,21,1,10,101,278019880,6,sponsored,integration-and-delivery/monitoring-and-observability/security,47967777
linuxserver/jellyfin:arm64v8-10.9.6,37,5,4,2,0,2,24,139774537,700,sponsored,content-management-system/web-servers,215388218
linuxserver/radarr:arm64v8-5.7.0-nightly,11,0,3,6,0,0,2,2308857071,1646,sponsored,,84015383
linuxserver/emby:version-4.8.8.0,25,2,1,2,0,0,20,42985443,200,sponsored,content-management-system/web-servers,327210977
apache/airflow:slim-2.9.2rc1,106,6,3,3,0,1,93,1286219445,521,sponsored,data-science/integration-and-delivery/machine-learning-and-ai,223646904
selenium/standalone-chrome:125.0,93,21,26,0,0,0,46,422269184,578,sponsored,integration-and-delivery/monitoring-and-observability,506129604
jupyterhub/configurable-http-proxy:4,13,0,1,0,0,5,7,47663828,7,sponsored,data-science/integration-and-delivery/networking,57502548
eclipse/che-dev:nightly,3618,749,990,172,36,94,1577,92432179,7,sponsored,,631545392
linuxserver/radarr:nightly,11,0,3,6,0,0,2,2308857071,1646,sponsored,,85843458
linuxserver/lazylibrarian:version-d8b2234c,49,3,9,1,0,0,36,237657888,215,sponsored,content-management-system/integration-and-delivery,140499641
linuxserver/ddclient:3.11.2,13,0,4,0,0,3,6,80100071,171,sponsored,integration-and-delivery/internet-of-things/networking,25233797
paketobuildpacks/build:full-cnb,581,187,309,19,7,1,58,69622980,35,sponsored,languages-and-frameworks/integration-and-delivery/security,400548581
linuxserver/sickchill:2024.3.1,22,2,2,1,0,7,10,42206821,55,sponsored,content-management-system/integration-and-delivery,83976313
jenkins/jenkins:jdk17,97,6,1,0,1,0,89,4638550514,3920,sponsored,integration-and-delivery/monitoring-and-observability/security,282287439
selenium/node-firefox:126.0-20240522,336,62,200,14,0,0,60,69912463,151,sponsored,integration-and-delivery/operating-systems/web-servers,528285802
openebs/zfs-driver:ci,97,37,35,3,0,0,22,65502345,3,sponsored,,92659668
falcosecurity/falco:0.38.1,563,68,362,27,1,2,103,46824437,16,sponsored,,251
thanosio/thanos:main-2024-05-29-863d914,10,1,6,0,0,0,3,70362762,23,sponsored,databases-and-storage/integration-and-delivery/monitoring-and-observability,89970163
linuxserver/lidarr:arm64v8-2.4.0-nightly,11,0,3,6,0,0,2,554690558,446,sponsored,content-management-system/integration-and-delivery,108502439
linuxserver/bookstack:24.05.1,15,0,6,3,0,0,6,70521854,320,sponsored,content-management-system,105189599
sqlpad/sqlpad:7,64,5,4,2,0,0,53,104482029,47,sponsored,data-science/databases-and-storage,117593565
requarks/wiki:2,158,3,31,16,6,54,48,105395239,336,sponsored,content-management-system/integration-and-delivery/web-servers,138798107
linuxserver/resilio-sync:2.8.1,23,2,1,0,0,0,20,63785602,229,sponsored,data-science/networking/security,82819359
jupyter/scipy-notebook:x86_64-python-3.11,713,91,379,36,2,7,198,90836631,449,sponsored,data-science/machine-learning-and-ai,1316292371
linuxserver/lidarr:nightly-version-2.4.0.4212,15,0,3,6,0,0,6,554690558,446,sponsored,content-management-system/integration-and-delivery,111618397
testcontainers/ryuk:sha-2c469e6792c69398966a96e9bb818436efa15c88,9,0,0,0,0,1,8,274883239,13,sponsored,languages-and-frameworks,158187574
sqlpad/sqlpad:7.4.3,64,5,4,2,0,0,53,104482029,47,sponsored,data-science/databases-and-storage,117593565
linuxserver/calibre:v4-4.23.0-ls78,251,36,64,14,4,16,117,47854750,303,sponsored,content-management-system/databases-and-storage,1029201333
linuxserver/lidarr:2.4.0-nightly,11,0,3,6,0,0,2,554690558,446,sponsored,content-management-system/integration-and-delivery,111618397
linuxserver/beets:nightly-version-1b594790,105,1,52,12,3,16,21,49816206,155,sponsored,content-management-system/databases-and-storage,116053086
linuxserver/mariadb:10.11.8,4,1,1,0,0,0,2,404654251,391,sponsored,databases-and-storage/integration-and-delivery/security,101779546
jupyter/tensorflow-notebook:x86_64-notebook-7.0.6,723,91,382,38,1,8,203,74169327,365,sponsored,data-science/languages-and-frameworks/machine-learning-and-ai,1867308290
paketobuildpacks/run:1.3.177-full-cnb,496,171,304,12,5,1,3,42589227,1,sponsored,languages-and-frameworks/integration-and-delivery/security,268764098
linuxserver/tautulli:develop,25,3,5,2,0,5,10,977374373,421,sponsored,monitoring-and-observability/web-analytics,70671075
linuxserver/nzbget:testing,3,1,1,0,0,0,1,802165822,461,sponsored,,45792437
linuxserver/plex:arm64v8-1.40.2,33,2,4,0,0,5,22,857164503,1932,sponsored,content-management-system/networking/security,172464355
selenium/standalone-chrome:beta,92,21,26,0,0,0,45,422269184,578,sponsored,integration-and-delivery/monitoring-and-observability,506393010
jenkins/jenkins:latest-jdk11,97,6,1,0,1,0,89,4638550514,3920,sponsored,integration-and-delivery/monitoring-and-observability/security,284664704
redash/redash:10.0.0-beta.b50357,2133,112,1132,306,9,37,537,61364081,252,sponsored,data-science/web-analytics,446300916
linuxserver/rutorrent:v3.10-ls122,277,12,96,114,43,4,8,153555666,179,sponsored,,76910433
linuxserver/muximux:version-418923c8,95,6,32,42,15,0,0,104242833,168,sponsored,,23380521
istio/galley:1.5.8,1418,244,766,124,0,2,282,55188205,3,sponsored,integration-and-delivery/networking,91930736
jupyter/all-spark-notebook:x86_64-python-3.11.6,879,95,397,62,4,65,256,74501327,435,sponsored,data-science/languages-and-frameworks/machine-learning-and-ai,2150179520
istio/mixer:1.7.7-distroless,151,2,16,21,1,10,101,278019880,6,sponsored,integration-and-delivery/monitoring-and-observability/security,47967666
gogs/gogs:0.13.0,195,3,23,15,6,15,133,91202163,770,sponsored,languages-and-frameworks/integration-and-delivery/security,44996129
homeassistant/amd64-hassio-supervisor:2023.06.dev2201,302,15,47,27,2,50,161,46215560,153,sponsored,,114612662
tensorflow/tensorflow:latest-jupyter,492,65,313,22,0,16,76,77301907,2431,sponsored,,672913630
tensorflow/serving:nightly-devel,225,63,84,11,0,2,65,76028363,138,sponsored,api-management/integration-and-delivery/machine-learning-and-ai,3350791594
linuxserver/sickchill:amd64-2024.3.1,22,2,2,1,0,7,10,42206821,55,sponsored,content-management-system/integration-and-delivery,83976313
linuxserver/jackett:version-v0.22.71,4,0,1,0,0,0,3,1540647127,1137,sponsored,api-management/integration-and-delivery,77116796
localstack/localstack:latest-amd64,120,8,4,3,0,2,103,240014774,289,sponsored,api-management/databases-and-storage/integration-and-delivery,435796337
fluxcd/helm-operator:1.4.2,407,15,49,30,3,84,226,1024426501,6,sponsored,integration-and-delivery/monitoring-and-observability,84358968
verdaccio/verdaccio:5,3,0,0,0,0,0,3,209633280,193,sponsored,,57631954
tensorflow/serving:latest-gpu,296,59,163,12,0,1,61,76028363,138,sponsored,api-management/integration-and-delivery/machine-learning-and-ai,3741688194
istio/operator:1.21.3-distroless,12,1,4,1,0,0,6,6071557055,6,sponsored,monitoring-and-observability/networking/security,26223016
postgis/postgis:15-master,287,6,1,4,0,0,276,189132103,228,sponsored,,194190250
linuxserver/sabnzbd:arm64v8-nightly-version-2a02c93e,8,2,1,0,0,0,5,700484624,616,sponsored,content-management-system/integration-and-delivery,68240538
apache/couchdb:3.2,127,4,0,0,0,0,123,64452832,24,sponsored,data-science/databases-and-storage,89304824
fluent/fluent-bit:3.0,38,0,0,0,0,0,38,14427050361,108,sponsored,integration-and-delivery/internet-of-things/monitoring-and-observability,2189497603
selenium/hub:4.21,37,5,4,0,0,0,28,204244449,453,sponsored,integration-and-delivery/monitoring-and-observability/networking,186654869
linuxserver/ombi:version-v4.43.5,23,2,1,0,0,0,20,966346568,460,sponsored,content-management-system/integration-and-delivery/web-servers,146440603
linuxserver/duckdns:version-72e081dd,16,0,2,0,0,3,11,208051434,393,sponsored,internet-of-things/networking,14520253
homeassistant/home-assistant:2024.6,131,2,12,10,0,16,91,673848814,2809,sponsored,integration-and-delivery/internet-of-things/security,504366234
linuxserver/sabnzbd:nightly-2a02c93e-ls30,9,3,1,0,0,0,5,700484624,616,sponsored,content-management-system/integration-and-delivery,70613734
photoprism/photoprism:240531,660,84,399,10,1,82,84,44324507,371,sponsored,content-management-system/machine-learning-and-ai/web-servers,738225325
openpolicyagent/opa:edge-debug,2,0,0,2,0,0,0,579169624,42,sponsored,integration-and-delivery/monitoring-and-observability/security,48259575
jellyfin/jellyfin:10.9.6,85,5,3,2,0,1,74,243549427,1189,sponsored,content-management-system/web-servers,394968288
redash/redash:preview,907,71,665,58,0,9,104,61364081,252,sponsored,data-science/web-analytics,899050864
linuxserver/sickrage:amd64-latest,487,25,172,163,40,9,78,41272524,144,sponsored,,116800147
istio/proxy_debug:1.3.8,1874,423,1116,133,0,74,128,41655013,5,sponsored,integration-and-delivery/monitoring-and-observability/networking,263955583
tensorflow/serving:nightly,18,3,1,0,0,0,14,76028363,138,sponsored,api-management/integration-and-delivery/machine-learning-and-ai,174218114
envoyproxy/envoy-alpine:v1.21.6,67,6,6,4,7,28,16,204934493,61,sponsored,,30165236
linuxserver/letsencrypt:arm32v7-version-1.11.0,350,23,102,133,51,9,32,400686080,596,sponsored,,84959640
linuxserver/headphones:arm64v8-latest,84,1,1,1,0,35,46,88886603,221,sponsored,,66883126
linuxserver/muximux:arm32v7-version-418923c8,95,6,32,42,15,0,0,104242833,168,sponsored,,22722290
linuxserver/duplicati:development,32,2,3,4,0,0,23,176622762,395,sponsored,databases-and-storage/security,137987701
kindest/kindnetd:v20230809-80a64d96,67,1,4,1,0,0,61,35765593,3,sponsored,integration-and-delivery/networking/security,27734263
selenium/node-chrome-debug:3,567,31,49,7,0,2,478,50148895,73,sponsored,,435748644
linuxserver/nzbhydra2:version-v7.1.0,39,2,9,0,0,0,28,165170816,104,sponsored,integration-and-delivery/monitoring-and-observability,256695260
linuxserver/grocy:arm64v8-4.2.0,26,0,10,1,0,4,11,54696470,150,sponsored,content-management-system,67194041
homeassistant/amd64-hassio-supervisor:2023.06.1,314,15,48,29,2,51,169,46215560,153,sponsored,,116763787
selenium/node-firefox:beta,185,55,66,7,0,0,57,69912463,151,sponsored,integration-and-delivery/operating-systems/web-servers,534423662
linuxserver/sabnzbd:arm64v8-nightly,5,2,1,0,0,0,2,700484624,616,sponsored,content-management-system/integration-and-delivery,68240538
linuxserver/syncthing:amd64-1.27.8,1,0,1,0,0,0,0,203395954,556,sponsored,networking/security,22707921
linuxkit/kernel:6.6.13-dbg-e274bc71d6552570c922d2fca6c6481d1f9f045a,1,0,1,0,0,0,0,120664251,24,sponsored,internet-of-things/operating-systems/security,253528769
linuxserver/radarr:5.7.0-nightly,11,0,3,6,0,0,2,2308857071,1646,sponsored,,85843458
selenium/node-chrome-debug:3.141.59,567,31,49,7,0,2,478,50148895,73,sponsored,,435748644
linuxserver/unifi-controller:version-8.0.24,245,5,60,35,3,6,136,338735956,790,sponsored,,351230607
pihole/pihole:development-v6,18,0,2,0,0,4,12,852422372,2621,sponsored,monitoring-and-observability/networking/security,39374173
linuxserver/lazylibrarian:arm64v8-latest,48,3,9,1,0,1,34,237657888,215,sponsored,content-management-system/integration-and-delivery,136301894
nodered/node-red-docker:slim-v10,257,13,38,49,8,44,105,94166845,363,sponsored,,46281398
linuxserver/code-server:amd64-4.89.1,105,8,11,35,3,13,35,63409434,639,sponsored,languages-and-frameworks/integration-and-delivery/security,186510105
linuxserver/openvpn-as:version-2.9.0-5c5bd120-Ubuntu18,342,49,126,4,0,0,163,56471725,492,sponsored,,105532851
crossplane/crossplane:v1.17.0-rc.0.202.g26107bd6,3,0,1,0,0,0,2,46363672,5,sponsored,api-management/integration-and-delivery/networking,34278208
linuxserver/letsencrypt:version-1.11.0,350,23,102,133,51,9,32,400686080,596,sponsored,,89658909
linuxserver/lazylibrarian:d8b2234c-ls59,49,3,9,1,0,0,36,237657888,215,sponsored,content-management-system/integration-and-delivery,140499641
linuxserver/nginx:arm64v8-1.26.1,15,0,8,4,0,0,3,69942647,216,sponsored,api-management/security/web-servers,53042389
linuxserver/unifi-controller:amd64-8.0.24,245,5,60,35,3,6,136,338735956,790,sponsored,,351230607
redash/redash:10.0.0-beta.b49597,2261,122,1207,328,9,37,558,61364081,252,sponsored,data-science/web-analytics,475429498
fluxcd/helm-operator:1.4.0,415,14,44,28,4,83,242,1024426501,6,sponsored,integration-and-delivery/monitoring-and-observability,77247290
requarks/wiki:2.5.303,158,3,31,16,6,54,48,105395239,336,sponsored,content-management-system/integration-and-delivery/web-servers,138798107
sitespeedio/sitespeed.io:34.1.0,775,92,389,42,1,25,226,47484508,116,sponsored,integration-and-delivery/monitoring-and-observability/web-analytics,1489562655
openpolicyagent/gatekeeper:dev,5,1,2,0,0,0,2,3037069850,3,sponsored,,41718073
linuxserver/bazarr:arm64v8-1.4.3,41,2,9,1,0,16,13,457713170,430,sponsored,languages-and-frameworks/web-servers,137181256
linuxserver/swag:2.11.0,34,3,9,3,0,9,10,86870092,378,sponsored,api-management/security/web-servers,126514422
localstack/localstack:s3-latest,71,6,0,0,0,1,64,240014774,289,sponsored,api-management/databases-and-storage/integration-and-delivery,112167731
jenkins/ssh-agent:latest-jdk21,117,6,0,2,0,0,109,57752344,53,sponsored,integration-and-delivery/security,173944548
nodered/node-red-docker:v10,1963,58,302,209,18,308,1068,94166845,363,sponsored,,368370186
linuxserver/sickrage:arm32v7-latest,481,23,171,162,40,15,70,41272524,144,sponsored,,113344197
jupyterhub/k8s-network-tools:3.3.7,7,0,0,0,0,1,6,103106882,2,sponsored,,3877309
joxit/docker-registry-ui:main-debian,110,5,0,0,0,0,105,50643701,140,sponsored,integration-and-delivery/monitoring-and-observability/security,70473755
itzg/minecraft-server:java8-multiarch,317,41,23,3,0,72,178,390428322,1901,sponsored,integration-and-delivery,359866767
istio/sidecar_injector:1.5.10-distroless,146,1,13,22,0,8,102,54932382,2,sponsored,monitoring-and-observability/networking/security,27934805
linuxserver/nzbhydra2:v7.1.0-ls11,39,2,9,0,0,0,28,165170816,104,sponsored,integration-and-delivery/monitoring-and-observability,256695260
linuxserver/openvpn-as:version-2.8.8-cbf850a0-Ubuntu18,859,103,564,28,0,0,164,56471725,492,sponsored,,115258293
paketobuildpacks/run:1.3.176-full-cnb,496,171,304,12,5,1,3,42589227,1,sponsored,languages-and-frameworks/integration-and-delivery/security,268764313
falcosecurity/falco:x86_64-master,886,71,658,49,0,7,101,46824437,16,sponsored,,366898349
selenium/node-firefox:nightly,175,55,63,7,0,0,50,69912463,151,sponsored,integration-and-delivery/operating-systems/web-servers,528293706
linuxserver/jackett:arm64v8-0.22.71,4,0,1,0,0,0,3,1540647127,1137,sponsored,api-management/integration-and-delivery,76688744
selenium/node-chrome-debug:3.141.59-20210913,570,31,49,7,0,2,481,50148895,73,sponsored,,422121202
jupyter/scipy-notebook:x86_64-python-3.11.6,713,91,379,36,2,7,198,90836631,449,sponsored,data-science/machine-learning-and-ai,1316292371
linuxserver/nzbhydra2:7.1.0-dev,39,2,9,0,0,0,28,165170816,104,sponsored,integration-and-delivery/monitoring-and-observability,256695303
selenium/standalone-firefox:126.0-20240522,336,62,200,14,0,0,60,64472765,189,sponsored,languages-and-frameworks/integration-and-delivery,528289087
linuxserver/sickrage:86207e9e-ls9,487,25,172,163,40,9,78,41272524,144,sponsored,,116800147
cloudnativelabs/kube-router:v2.1.2,32,2,4,2,0,3,21,150802753,12,sponsored,networking/security,102676474
tensorflow/tensorflow:nightly-gpu-jupyter,189,44,39,8,0,15,83,77301907,2431,sponsored,,3954890223
linuxserver/jellyfin:10.9.6,44,12,4,2,0,1,25,139774537,700,sponsored,content-management-system/web-servers,305354684
selenium/standalone-chrome-debug:3.141.59-20210913,570,31,49,7,0,2,481,108388061,103,sponsored,,422122050
homeassistant/amd64-hassio-supervisor:2023.06.2,306,15,47,28,2,50,164,46215560,153,sponsored,,116815484
containrrr/watchtower:latest-dev,15,1,3,0,0,1,10,8127329988,1062,sponsored,integration-and-delivery/monitoring-and-observability,10914187
linuxserver/syncthing:version-v1.27.8,1,0,1,0,0,0,0,203395954,556,sponsored,networking/security,22707921
kindest/kindnetd:v20240513-cd2ac642,63,1,2,2,0,0,58,35765593,3,sponsored,integration-and-delivery/networking/security,28191847
thanosio/thanos:main-2024-06-03-167032d,10,1,6,0,0,0,3,70362762,23,sponsored,databases-and-storage/integration-and-delivery/monitoring-and-observability,89973291
linuxserver/duplicati:2.0.9-development,32,2,3,4,0,0,23,176622762,395,sponsored,databases-and-storage/security,137987701
linuxserver/airsonic:version-v10.6.2,751,117,220,44,11,11,348,68744500,109,sponsored,,283562313
curlimages/curl:8.5.0,9,0,2,0,0,1,6,6095705458,176,sponsored,integration-and-delivery/networking/security,494
selenium/standalone-chrome-debug:3,567,31,49,7,0,2,478,108388061,103,sponsored,,435749493
selenium/node-firefox:126.0,336,62,200,14,0,0,60,69912463,151,sponsored,integration-and-delivery/operating-systems/web-servers,528285802
testcontainers/ryuk:sha-4daccc92df0900d7d0b03089d18b2e6f2fdd6bb7,7,0,0,0,0,1,6,274883239,13,sponsored,languages-and-frameworks,123671524
linuxserver/resilio-sync:amd64-2.8.1,23,2,1,0,0,0,20,63785602,229,sponsored,data-science/networking/security,82819359
linuxserver/smokeping:arm64v8-2.8.2,51,0,12,9,0,16,14,84202710,244,sponsored,monitoring-and-observability/networking,121546917
coredns/coredns:1.11.1,38,2,10,4,0,1,21,283244923,152,sponsored,monitoring-and-observability/networking/security,18175567
linuxserver/bazarr:version-v1.4.3,41,2,9,1,0,16,13,457713170,430,sponsored,languages-and-frameworks/web-servers,143723945
tensorflow/serving:2.16.1-gpu,82,12,5,0,0,7,58,76028363,138,sponsored,api-management/integration-and-delivery/machine-learning-and-ai,12589735060
sqlpad/sqlpad:7.4.2,71,5,6,3,0,0,57,104482029,47,sponsored,data-science/databases-and-storage,117752305
kindest/node:v1.27.13,115,6,11,8,0,2,88,94116338,105,sponsored,integration-and-delivery/networking/operating-systems,403964034
tautulli/tautulli:v2.14.1-beta,107,7,1,3,0,1,95,195640892,308,sponsored,monitoring-and-observability/web-analytics,78563105
openpolicyagent/gatekeeper:ead20a7,5,1,2,0,0,0,2,3037069850,3,sponsored,,41718102
pactfoundation/pact-broker:2.118.0-pactbroker2.109.1,29,4,2,1,0,4,18,70220454,18,sponsored,api-management/integration-and-delivery/developer-tools,260488689
linuxserver/airsonic:arm64v8-10.6.2,733,113,209,43,11,12,345,68744500,109,sponsored,,264977587
linuxserver/heimdall:development,17,0,6,1,0,3,7,574910667,1092,sponsored,content-management-system/monitoring-and-observability/security,46265944
istio/mixer:1.7.7,151,2,16,21,1,10,101,278019880,6,sponsored,integration-and-delivery/monitoring-and-observability/security,47967666
linuxserver/muximux:418923c8-ls139,95,6,32,42,15,0,0,104242833,168,sponsored,,23380521
kindest/kindnetd:v20240202-8f1494ea,67,1,4,1,0,0,61,35765593,3,sponsored,integration-and-delivery/networking/security,27752219
fluent/fluent-bit:3.0.5,42,0,0,0,0,0,42,14427050361,108,sponsored,integration-and-delivery/internet-of-things/monitoring-and-observability,325
openpolicyagent/opa:edge,2,0,0,2,0,0,0,579169624,42,sponsored,integration-and-delivery/monitoring-and-observability/security,32512859
linuxserver/grocy:v4.2.0-ls250,37,0,15,3,1,4,14,54696470,150,sponsored,content-management-system,66321262
linuxserver/tvheadend:73a6bd00-ls215,39,1,6,1,0,17,14,82769936,276,sponsored,,283907688
istio/proxy_init:1.3.7-distroless,147,4,0,0,1,102,40,46172594,4,sponsored,monitoring-and-observability/networking/security,21717071
istio/proxy_debug:1.3.6-distroless,1874,423,1116,133,0,74,128,41655013,5,sponsored,integration-and-delivery/monitoring-and-observability/networking,263989589
curlimages/curl:8.7.1,8,0,1,0,0,1,6,6095705458,176,sponsored,integration-and-delivery/networking/security,7741626
linuxserver/openvpn-as:2.9.0-5c5bd120-Ubuntu18-ls122,859,103,564,28,0,0,164,56471725,492,sponsored,,115264030
apache/superset:066f6b1f8a0eeb10160439da29c1853c3dbe1a8b-dockerize,34,1,4,1,0,0,28,504512273,257,sponsored,data-science/security,9839641
linuxserver/rutorrent:amd64-version-v3.10,277,12,96,114,43,4,8,153555666,179,sponsored,,76910433
linuxserver/qbittorrent:4.6.5-r0-ls333,9,2,6,0,0,1,0,305263490,1372,sponsored,networking/security,50391289
selenium/node-chrome:dev,92,21,26,0,0,0,45,249130138,262,sponsored,languages-and-frameworks/integration-and-delivery,508275046
linuxserver/piwigo:arm64v8-14.4.0,80,0,52,22,6,0,0,35901627,219,sponsored,content-management-system/security,119311269
linuxserver/plex:1.40.2,28,2,1,0,0,4,21,857164503,1932,sponsored,content-management-system/networking/security,182059127
selenium/hub:4.21.0-20240522,37,5,4,0,0,0,28,204244449,453,sponsored,integration-and-delivery/monitoring-and-observability/networking,186654869
linuxserver/grocy:amd64-4.2.0,31,0,14,1,1,4,11,54696470,150,sponsored,content-management-system,66321262
fluxcd/flux:1.25.4,312,4,31,36,5,56,180,1862750615,7,sponsored,integration-and-delivery/monitoring-and-observability/security,98027313
linuxserver/code-server:4.89.1-ls214,109,8,11,35,3,13,39,63409434,639,sponsored,languages-and-frameworks/integration-and-delivery/security,186510105
fluxcd/helm-operator:1.4.3,300,6,40,19,2,62,171,1024426501,6,sponsored,integration-and-delivery/monitoring-and-observability,80809093
testcontainers/ryuk:sha-2c469e6792c69398966a96e9bb818436efa15c88-linux,9,0,0,0,0,1,8,274883239,13,sponsored,languages-and-frameworks,6819514
coredns/coredns:1.9.4,69,2,11,7,0,1,48,283244923,152,sponsored,monitoring-and-observability/networking/security,15117049
joxit/docker-registry-ui:master-debian,110,5,0,0,0,0,105,50643701,140,sponsored,integration-and-delivery/monitoring-and-observability/security,70473755
falcosecurity/falco:aarch64-master,886,71,658,49,0,7,101,46824437,16,sponsored,,352420589
containrrr/watchtower:1.7.1,43,1,3,3,0,1,35,8127329988,1062,sponsored,integration-and-delivery/monitoring-and-observability,5633191
linuxserver/duplicati:arm64v8-2.0.9-development,19,1,1,4,0,0,13,176622762,395,sponsored,databases-and-storage/security,130174057
jellyfin/jellyfin:10.9,85,5,3,2,0,1,74,243549427,1189,sponsored,content-management-system/web-servers,394968288
kindest/kindnetd:v20230511-dc714da8,72,1,5,2,0,1,63,35765593,3,sponsored,integration-and-delivery/networking/security,27728033
amir20/dozzle:master,0,0,0,0,0,0,0,187308071,94,sponsored,monitoring-and-observability/security/developer-tools,6098844
vaultwarden/server:testing-alpine,2,0,0,0,0,0,2,147245848,1113,sponsored,security/web-servers,33125967
linuxserver/couchpotato:amd64-version-7260c12f,98,5,34,45,10,4,0,149181576,390,sponsored,,25674490
pactfoundation/pact-broker:2.119.1-pactbroker2.110.0,23,2,2,1,0,3,15,70220454,18,sponsored,api-management/integration-and-delivery/developer-tools,265294128
moby/buildkit:nightly,29,2,13,7,0,0,7,423269407,57,sponsored,,92119445
selenium/node-chrome:125.0-20240522,93,21,26,0,0,0,46,249130138,262,sponsored,languages-and-frameworks/integration-and-delivery,506126316
certbot/certbot:amd64-v2.11.0,20,4,5,1,0,4,6,301204194,618,sponsored,security/web-servers,43019687
linuxserver/wireguard:arm64v8-1.0.20210914-legacy,149,40,44,11,0,2,52,56845753,776,sponsored,internet-of-things/networking/security,242374364
jenkins/jnlp-slave:3046.v38db_38a_b_7a_86-1-jdk11,407,14,25,7,0,91,270,108488003,157,sponsored,,302186849
linuxserver/ombi:arm64v8-4.43.5,23,2,1,0,0,1,19,966346568,460,sponsored,content-management-system/integration-and-delivery/web-servers,142019713
homeassistant/home-assistant:stable,131,2,12,10,0,16,91,673848814,2809,sponsored,integration-and-delivery/internet-of-things/security,504366234
jenkins/jnlp-agent-maven:jdk11,333,5,4,1,2,14,307,119380274,9,sponsored,languages-and-frameworks/integration-and-delivery,286151090
linuxserver/tvheadend:arm64v8-73a6bd00-ls215,39,1,6,1,0,17,14,82769936,276,sponsored,,266196265
linuxserver/nzbget:testing-version-a98e6d1,3,1,1,0,0,0,1,802165822,461,sponsored,,45792437
selenium/hub:nightly,33,5,4,0,0,0,24,204244449,453,sponsored,integration-and-delivery/monitoring-and-observability/networking,186702073
pihole/pihole:2024.05.0,183,6,0,1,1,0,175,852422372,2621,sponsored,monitoring-and-observability/networking/security,113989306
verdaccio/verdaccio:5.31.1,3,0,0,0,0,0,3,209633280,193,sponsored,,57631954
jenkins/jnlp-slave:3046.v38db_38a_b_7a_86-1-alpine,373,29,52,26,7,75,184,108488003,157,sponsored,,128429153
envoyproxy/envoy:tools-dev-139fc0fb504850e6d16d7d5e5838956f76a1b27b,23,2,1,0,0,0,20,5421968091,170,sponsored,,112548605
selenium/node-firefox:dev,181,55,62,7,0,0,57,69912463,151,sponsored,integration-and-delivery/operating-systems/web-servers,545308044
fluxcd/flux:1.25.1,332,6,31,35,5,60,195,1862750615,7,sponsored,integration-and-delivery/monitoring-and-observability/security,96782434
selenium/node-chrome:beta,92,21,26,0,0,0,45,249130138,262,sponsored,languages-and-frameworks/integration-and-delivery,506389724
jenkins/inbound-agent:latest-bookworm-jdk11,117,6,1,2,1,0,107,340147057,132,sponsored,,2409485824
linuxserver/nzbget:arm64v8-testing,3,1,1,0,0,0,1,802165822,461,sponsored,,46496956
istio/operator:1.22.1,38,6,3,1,1,0,27,6071557055,6,sponsored,monitoring-and-observability/networking/security,246
jenkins/jnlp-slave:3046.v38db_38a_b_7a_86-1,432,26,35,9,1,91,270,108488003,157,sponsored,,212087514
linuxserver/smokeping:version-2.8.2-r3,51,0,12,9,0,16,14,84202710,244,sponsored,monitoring-and-observability/networking,120573216
linuxserver/qbittorrent:version-4.6.5-r0,7,1,5,0,0,1,0,305263490,1372,sponsored,networking/security,50391289
linuxserver/rutorrent:arm32v7-version-v3.10,277,12,96,114,43,4,8,153555666,179,sponsored,,70038253
linuxserver/booksonic:1.2.20220211,654,117,211,20,9,7,290,50508797,81,sponsored,,242896349
linuxserver/nextcloud:amd64-29.0.2,133,0,59,25,8,18,23,317959825,734,sponsored,,336592291
linuxserver/emby:4.8.8.0-ls208,25,2,1,2,0,0,20,42985443,200,sponsored,content-management-system/web-servers,327210977
fluxcd/helm-operator:1.4.1,407,15,49,30,3,84,226,1024426501,6,sponsored,integration-and-delivery/monitoring-and-observability,84358927
itzg/minecraft-server:java8-graalvm-ce,527,15,36,33,1,376,66,390428322,1901,sponsored,integration-and-delivery,1400671789
linuxserver/swag:2.11.0-ls304,42,3,11,5,0,9,14,86870092,378,sponsored,api-management/security/web-servers,126514422
itzg/minecraft-server:java17-graalvm,485,2,25,18,0,374,66,390428322,1901,sponsored,integration-and-delivery,1150700032
esphome/esphome:2024.5,136,5,5,3,0,4,119,58171800,148,sponsored,languages-and-frameworks/integration-and-delivery/internet-of-things,160180299
openebs/zfs-driver:policy-ci,98,37,36,3,0,0,22,65502345,3,sponsored,,92634209
openpolicyagent/opa:edge-static,2,0,0,2,0,0,0,579169624,42,sponsored,integration-and-delivery/monitoring-and-observability/security,20762557
linuxserver/medusa:arm64v8-1.0.21,33,1,5,2,0,15,10,73868879,108,sponsored,content-management-system,112020136
jenkins/jnlp-slave:latest-jdk11,407,14,25,7,0,91,270,108488003,157,sponsored,,302186850
linuxserver/nzbget:testing-a98e6d1-ls95,6,1,1,0,0,0,4,802165822,461,sponsored,,45792437
postgis/postgis:15-3.4-alpine,28,0,5,1,0,13,9,189132103,228,sponsored,,158366791
jupyter/tensorflow-notebook:x86_64-python-3.11.6,723,91,382,38,1,8,203,74169327,365,sponsored,data-science/languages-and-frameworks/machine-learning-and-ai,1867308290
photoprism/photoprism:preview-arm64,724,81,473,9,0,82,79,44324507,371,sponsored,content-management-system/machine-learning-and-ai/web-servers,738225325
linuxserver/piwigo:version-14.4.0,80,0,52,22,6,0,0,35901627,219,sponsored,content-management-system/security,119499665
selenium/standalone-chrome:nightly,84,21,26,0,0,0,37,422269184,578,sponsored,integration-and-delivery/monitoring-and-observability,506155503
authelia/authelia:feat-oidc-improvements,8,1,1,0,0,0,6,53194681,181,sponsored,integration-and-delivery/security,20725413
nodered/node-red:latest-16,49,2,12,6,0,12,17,273859560,684,sponsored,api-management/integration-and-delivery/internet-of-things,186057874
linuxserver/ubooquity:amd64-2.1.2,239,3,30,54,26,8,118,134952886,233,sponsored,content-management-system/security/web-servers,96640264
linuxserver/qbittorrent:arm64v8-4.6.5,7,1,5,0,0,1,0,305263490,1372,sponsored,networking/security,53283075
selenium/standalone-firefox:nightly,174,55,62,7,0,0,50,64472765,189,sponsored,languages-and-frameworks/integration-and-delivery,528296993
linuxserver/qbittorrent:4.6.5,7,1,5,0,0,1,0,305263490,1372,sponsored,networking/security,50391289
linuxserver/calibre:7.12.0,215,35,50,5,0,16,109,47854750,303,sponsored,content-management-system/databases-and-storage,1092687095
nodered/node-red:3.1.9-debian,1149,78,706,95,0,15,255,273859560,684,sponsored,api-management/integration-and-delivery/internet-of-things,267492039
postgis/postgis:16-master,287,6,1,4,0,0,276,189132103,228,sponsored,,196848732
esphome/esphome:stable,136,5,5,3,0,4,119,58171800,148,sponsored,languages-and-frameworks/integration-and-delivery/internet-of-things,160180299
linuxserver/tautulli:develop-a3af8ed3-ls360,25,3,5,2,0,5,10,977374373,421,sponsored,monitoring-and-observability/web-analytics,70671075
amir20/dozzle:v7.0.5,0,0,0,0,0,0,0,187308071,94,sponsored,monitoring-and-observability/security/developer-tools,6098855
fluent/fluentd-kubernetes-daemonset:v1.16.5-debian-kafka-arm64-1.0,73,6,1,1,0,2,63,936815520,66,sponsored,,152981466
jupyterhub/configurable-http-proxy:test-creds,37,1,7,6,0,7,16,47663828,7,sponsored,data-science/integration-and-delivery/networking,57502569
istio/proxyv2:1.22.1-distroless,15,1,0,1,0,0,13,11392921893,16,sponsored,monitoring-and-observability/networking/security,56599918
linuxserver/muximux:arm64v8-version-418923c8,95,6,32,42,15,0,0,104242833,168,sponsored,,25458746
linuxserver/transmission:4.0.5-r2-ls238,9,2,6,0,0,1,0,522152128,1326,sponsored,integration-and-delivery/networking/security,30694083
vaultwarden/server:1.30.5-alpine,15,0,1,0,0,3,11,147245848,1113,sponsored,security/web-servers,31945148
linuxserver/nextcloud:29.0.2,133,0,59,25,8,18,23,317959825,734,sponsored,,336592291
containrrr/watchtower:arm64v8-1.7.1,43,1,3,3,0,1,35,8127329988,1062,sponsored,integration-and-delivery/monitoring-and-observability,5212979
linuxserver/nextcloud:29.0.2-ls323,137,0,60,25,8,18,26,317959825,734,sponsored,,336592291
selenium/standalone-firefox:126.0,336,62,200,14,0,0,60,64472765,189,sponsored,languages-and-frameworks/integration-and-delivery,528289087
openebs/zfs-driver:update-readme-ci,98,37,36,3,0,0,22,65502345,3,sponsored,,92633939
linuxserver/headphones:arm64v8-version-a78f38c1,84,1,1,1,0,35,46,88886603,221,sponsored,,66883126
eclipse/che-dev:7.7.0,3587,749,995,194,38,95,1516,92432179,7,sponsored,,600649362
paketobuildpacks/run:1.3.177-full,496,171,304,12,5,1,3,42589227,1,sponsored,languages-and-frameworks/integration-and-delivery/security,268764098
sqlpad/sqlpad:master,64,5,4,2,0,0,53,104482029,47,sponsored,data-science/databases-and-storage,117591763
linuxserver/transmission:version-4.0.5-r2,7,1,5,0,0,1,0,522152128,1326,sponsored,integration-and-delivery/networking/security,30694083
tautulli/tautulli:v2.14.2,107,7,1,3,0,1,95,195640892,308,sponsored,monitoring-and-observability/web-analytics,78563908
linuxserver/heimdall:version-v2.6.1,17,0,6,1,0,3,7,574910667,1092,sponsored,content-management-system/monitoring-and-observability/security,46269249
moby/buildkit:master-rootless,25,2,9,4,2,0,8,423269407,57,sponsored,,98864546
nicolargo/glances:ubuntu-dev,14,1,2,0,0,0,11,78950859,178,sponsored,monitoring-and-observability/networking,131498059
linuxserver/transmission:amd64-4.0.5,7,1,5,0,0,1,0,522152128,1326,sponsored,integration-and-delivery/networking/security,30694083
gogs/gogs:0.13,195,3,23,15,6,15,133,91202163,770,sponsored,languages-and-frameworks/integration-and-delivery/security,44996129
amir20/dozzle:master-hub,0,0,0,0,0,0,0,187308071,94,sponsored,monitoring-and-observability/security/developer-tools,6098878
sitespeedio/sitespeed.io:34.0.3-plus1,804,99,392,48,1,20,244,47484508,116,sponsored,integration-and-delivery/monitoring-and-observability/web-analytics,1545213168
localstack/localstack:s3-latest-arm64,71,6,0,0,0,1,64,240014774,289,sponsored,api-management/databases-and-storage/integration-and-delivery,111586924
linuxserver/duckdns:arm64v8-latest,11,0,2,0,0,3,6,208051434,393,sponsored,internet-of-things/networking,15347661
linuxserver/emby:4.8.8,25,2,1,2,0,0,20,42985443,200,sponsored,content-management-system/web-servers,327210977
jupyterhub/k8s-hub:4.0.0-0.dev.git.6607.hd1a1130e,298,7,7,2,1,2,279,117097366,24,sponsored,,160585236
selenium/standalone-chrome:dev,92,21,26,0,0,0,45,422269184,578,sponsored,integration-and-delivery/monitoring-and-observability,508278328
linuxserver/booksonic:arm32v7-1.2.20220211,628,112,196,16,8,8,288,50508797,81,sponsored,,217730370
curlimages/curl:8.6.0,8,0,1,0,0,1,6,6095705458,176,sponsored,integration-and-delivery/networking/security,494
linuxserver/bookstack:version-v24.05.1,15,0,6,3,0,0,6,70521854,320,sponsored,content-management-system,105189599
linuxserver/openvpn-as:2.9.0-5c5bd120-Ubuntu18-ls124,342,49,126,4,0,0,163,56471725,492,sponsored,,105532851
authelia/authelia:feat-passkeys,8,1,1,0,0,0,6,53194681,181,sponsored,integration-and-delivery/security,20658434
fluent/fluentd-kubernetes-daemonset:v1.16.5-debian-kafka-1.0,73,6,1,1,0,2,63,936815520,66,sponsored,,149559301
eclipse/che-dev:rc,3618,749,990,172,36,94,1577,92432179,7,sponsored,,631545392
linuxserver/plex:version-1.40.2.8395-c67dce28e,28,2,1,0,0,4,21,857164503,1932,sponsored,content-management-system/networking/security,182059127
jupyter/pyspark-notebook:x86_64-ubuntu-22.04,873,96,399,58,2,65,253,69839145,300,sponsored,data-science/languages-and-frameworks,1808733704
jenkins/inbound-agent:latest-jdk17,117,6,1,2,1,0,107,340147057,132,sponsored,,2416834546
fluent/fluent-bit:latest-debug,984,70,657,49,0,10,198,14427050361,108,sponsored,integration-and-delivery/internet-of-things/monitoring-and-observability,445270164
linuxserver/freshrss:version-1.24.1,17,0,6,1,0,3,7,46883149,193,sponsored,content-management-system/integration-and-delivery/web-analytics,34803982
linuxserver/nzbget:arm64v8-testing-version-a98e6d1,3,1,1,0,0,0,1,802165822,461,sponsored,,46496956
linuxserver/ddclient:arm64v8-3.11.2,13,0,4,0,0,3,6,80100071,171,sponsored,integration-and-delivery/internet-of-things/networking,26036492
linuxserver/booksonic:1.2-ls136,654,117,211,20,9,7,290,50508797,81,sponsored,,242896349
selenium/node-chrome-debug:3.141.59-20210929,567,31,49,7,0,2,478,50148895,73,sponsored,,435748644
apache/couchdb:3.3.3,106,5,0,0,0,0,101,64452832,24,sponsored,data-science/databases-and-storage,89638441
esphome/esphome:2024.6.0-dev20240606,136,5,5,3,0,4,119,58171800,148,sponsored,languages-and-frameworks/integration-and-delivery/internet-of-things,161278338
linuxserver/tvheadend:version-73a6bd00,39,1,6,1,0,17,14,82769936,276,sponsored,,283907688
istio/proxyv2:1.21.3,40,6,4,1,1,0,28,11392921893,16,sponsored,monitoring-and-observability/networking/security,245
linuxserver/headphones:a78f38c1-ls156,84,1,1,1,0,35,46,88886603,221,sponsored,,70260492
linuxserver/piwigo:14.4.0-ls262,90,0,53,24,6,0,7,35901627,219,sponsored,content-management-system/security,119499665
linuxserver/ubooquity:version-2.1.2,239,3,30,54,26,8,118,134952886,233,sponsored,content-management-system/security/web-servers,96640264
nicolargo/glances:dev,17,1,1,0,0,7,8,78950859,178,sponsored,monitoring-and-observability/networking,84212068
linuxserver/calibre-web:arm64v8-nightly,156,7,23,8,0,1,117,193592933,878,sponsored,content-management-system/integration-and-delivery,251315740
linuxserver/resilio-sync:version-2.8.1.1390-1,23,2,1,0,0,0,20,63785602,229,sponsored,data-science/networking/security,82819359
istio/pilot:1.21.3,41,6,5,1,1,0,28,11452805606,15,sponsored,monitoring-and-observability/networking/security,243
linuxserver/radarr:nightly-version-5.7.0.8862,13,0,3,6,0,0,4,2308857071,1646,sponsored,,85843458
pactfoundation/pact-broker:2.119.0-pactbroker2.110.0,27,4,2,1,0,3,17,70220454,18,sponsored,api-management/integration-and-delivery/developer-tools,264764048
authelia/authelia:build-simplewebauthn-10,8,1,1,0,0,0,6,53194681,181,sponsored,integration-and-delivery/security,20638438
linuxserver/grocy:version-v4.2.0,31,0,14,1,1,4,11,54696470,150,sponsored,content-management-system,66321262
linuxserver/hydra:version-0.2.233,377,18,140,116,28,15,60,104862964,107,sponsored,,61698361
netboxcommunity/netbox:feature-2.9.1,21,2,2,1,0,1,15,37320381,174,sponsored,databases-and-storage/monitoring-and-observability/networking,228112684
linuxserver/mariadb:amd64-10.11.8,4,1,1,0,0,0,2,404654251,391,sponsored,databases-and-storage/integration-and-delivery/security,101779546
jenkins/jnlp-slave:alpine,373,29,52,26,7,75,184,108488003,157,sponsored,,128429150
istio/proxy_init:1.3.8-distroless,147,4,0,0,1,102,40,46172594,4,sponsored,monitoring-and-observability/networking/security,21717083
thanosio/thanos:v0.35.1,12,1,7,0,0,0,4,70362762,23,sponsored,databases-and-storage/integration-and-delivery/monitoring-and-observability,88357123
apache/couchdb:3,106,5,0,0,0,0,101,64452832,24,sponsored,data-science/databases-and-storage,89638458
shadowsocks/shadowsocks-libev:v3.3.3,110,0,0,2,1,56,51,43317728,484,sponsored,,7664814
istio/sidecar_injector:1.5.9,1409,244,761,124,0,2,278,54932382,2,sponsored,monitoring-and-observability/networking/security,79361809
fluxcd/flux:1.25.0,340,6,31,35,5,62,201,1862750615,7,sponsored,integration-and-delivery/monitoring-and-observability/security,96717398
jupyterhub/k8s-singleuser-sample:4.0.0-0.dev.git.6598.h2e567104,137,7,8,3,0,2,117,65147983,10,sponsored,,183830564
linuxserver/syncthing:arm64v8-1.27.8,1,0,1,0,0,0,0,203395954,556,sponsored,networking/security,23287914
linuxserver/sonarr:arm64v8-4.0.5-develop,11,0,3,6,0,0,2,2290249787,1996,sponsored,,83422013
itzg/minecraft-bedrock-server:2024.5.0,149,6,1,0,0,71,71,35364780,464,sponsored,integration-and-delivery/operating-systems,74705707
jenkins/inbound-agent:latest-jdk21,117,6,1,2,1,0,107,340147057,132,sponsored,,2409485824
fluent/fluentd-kubernetes-daemonset:v1-debian-kafka-arm64,73,6,1,1,0,2,63,936815520,66,sponsored,,152981466
itzg/minecraft-bedrock-server:2023.8.1,195,5,7,9,0,3,171,35364780,464,sponsored,integration-and-delivery/operating-systems,72144228
thanosio/thanos:main-2024-06-04-58447e1,10,1,6,0,0,0,3,70362762,23,sponsored,databases-and-storage/integration-and-delivery/monitoring-and-observability,89973275
jupyterhub/k8s-hub:4.0.0-0.dev.git.6617.he194d059,294,7,6,2,0,2,277,117097366,24,sponsored,,153810560
paketobuildpacks/build:1.3.177-full-cnb,581,187,309,19,7,1,58,69622980,35,sponsored,languages-and-frameworks/integration-and-delivery/security,400548581
linuxserver/deluge:version-2.1.1-r10,17,1,9,2,0,3,2,326886480,583,sponsored,,52617980
linuxserver/calibre:v4-version-4.23.0,242,35,64,14,4,16,109,47854750,303,sponsored,content-management-system/databases-and-storage,1029201333
apache/airflow:slim-2.9.2rc1-python3.8,111,6,4,5,0,1,95,1286219445,521,sponsored,data-science/integration-and-delivery/machine-learning-and-ai,223008080
linuxserver/mylar:amd64-version-94dcfd13,411,18,152,133,31,15,62,89852071,120,sponsored,,94064981
vaultwarden/server:latest-alpine,15,0,1,0,0,3,11,147245848,1113,sponsored,security/web-servers,31945148
linuxserver/hydra2:v3.0.0-ls19,672,54,155,73,22,6,362,358868754,109,sponsored,,189418580
linuxserver/sonarr:develop-version-4.0.5.1719,14,0,3,6,0,0,5,2290249787,1996,sponsored,,85247479
linuxserver/code-server:arm64v8-4.89.1,102,7,10,34,3,14,34,63409434,639,sponsored,languages-and-frameworks/integration-and-delivery/security,185139580
eclipse/che-theia:7.3.0,560,11,56,83,17,179,214,93170290,7,sponsored,,102753129
linuxserver/ubooquity:arm64v8-2.1.2,229,3,30,44,28,23,101,134952886,233,sponsored,content-management-system/security/web-servers,97628081
nicolargo/glances:ubuntu-4.0.7-full,19,1,2,0,0,1,15,78950859,178,sponsored,monitoring-and-observability/networking,131573355
apache/superset:066f6b1f8a0eeb10160439da29c1853c3dbe1a8b-websocket,32,1,7,5,1,3,15,504512273,257,sponsored,data-science/security,45571704
linuxserver/sickchill:2024.3.1-ls201,26,2,6,1,0,7,10,42206821,55,sponsored,content-management-system/integration-and-delivery,83976313
jupyterhub/k8s-hub:4.0.0-0.dev.git.6609.h71d601b8,296,7,7,2,0,2,278,117097366,24,sponsored,,153787359
linuxserver/swag:amd64-2.11.0,34,3,9,3,0,9,10,86870092,378,sponsored,api-management/security/web-servers,126514422
linuxserver/emby:amd64-4.8.8,25,2,1,2,0,0,20,42985443,200,sponsored,content-management-system/web-servers,327210977
fluent/fluentd:v1.17-armhf-debian,54,5,1,0,0,2,46,138951893,362,sponsored,,82539581
netboxcommunity/netbox:snapshot-2.9.1,21,2,2,1,0,1,15,37320381,174,sponsored,databases-and-storage/monitoring-and-observability/networking,228111916
linuxserver/nginx:1.26.1,15,0,8,4,0,0,3,69942647,216,sponsored,api-management/security/web-servers,50753690
apache/couchdb:3.3.2,127,4,0,0,0,0,123,64452832,24,sponsored,data-science/databases-and-storage,89806495
linuxserver/couchpotato:version-7260c12f,98,5,34,45,10,4,0,149181576,390,sponsored,,25674490
localstack/localstack:latest-arm64,119,8,4,2,0,2,103,240014774,289,sponsored,api-management/databases-and-storage/integration-and-delivery,432639525
linuxserver/transmission:4.0.5,7,1,5,0,0,1,0,522152128,1326,sponsored,integration-and-delivery/networking/security,30694083
amir20/dozzle:pr-3014,0,0,0,0,0,0,0,187308071,94,sponsored,monitoring-and-observability/security/developer-tools,6098844
pihole/pihole:nightly,343,6,0,1,1,0,335,852422372,2621,sponsored,monitoring-and-observability/networking/security,120005432
linuxserver/tautulli:arm64v8-develop-version-a3af8ed3,20,1,3,1,0,5,10,977374373,421,sponsored,monitoring-and-observability/web-analytics,71379674
fluent/fluentd:edge-debian,54,5,1,0,0,2,46,138951893,362,sponsored,,92247423
jupyterhub/configurable-http-proxy:4.6.1-fork,30,1,6,6,0,6,11,47663828,7,sponsored,data-science/integration-and-delivery/networking,58069328
paketobuildpacks/run:full,496,171,304,12,5,1,3,42589227,1,sponsored,languages-and-frameworks/integration-and-delivery/security,268764098
fluent/fluentd-kubernetes-daemonset:v1.16-debian-kafka-arm64-2,73,6,1,1,0,2,63,936815520,66,sponsored,,152981466
linuxserver/heimdall:2.6.1,17,0,6,1,0,3,7,574910667,1092,sponsored,content-management-system/monitoring-and-observability/security,46269249
jupyter/pyspark-notebook:x86_64-python-3.11.6,873,96,399,58,2,65,253,69839145,300,sponsored,data-science/languages-and-frameworks,1808733704
linuxserver/piwigo:amd64-14.4.0,80,0,52,22,6,0,0,35901627,219,sponsored,content-management-system/security,119499665
linuxserver/syncthing:v1.27.8-ls146,4,0,1,0,0,0,3,203395954,556,sponsored,networking/security,22707921
gogs/gogs:0.13-armv7,176,2,16,10,1,16,131,91202163,770,sponsored,languages-and-frameworks/integration-and-delivery/security,42607449
linuxserver/plex:1.40.2.8395-c67dce28e-ls217,32,2,1,0,0,4,25,857164503,1932,sponsored,content-management-system/networking/security,182059127
homeassistant/home-assistant:rc,131,2,12,10,0,16,91,673848814,2809,sponsored,integration-and-delivery/internet-of-things/security,504366234
joxit/docker-registry-ui:master,11,0,4,0,0,1,6,50643701,140,sponsored,integration-and-delivery/monitoring-and-observability/security,7160043
joxit/docker-registry-ui:main,11,0,4,0,0,1,6,50643701,140,sponsored,integration-and-delivery/monitoring-and-observability/security,7160043
shadowsocks/shadowsocks-libev:v3.3.4,107,0,0,1,1,55,50,43317728,484,sponsored,,7719067
authelia/authelia:master,8,1,1,0,0,0,6,53194681,181,sponsored,integration-and-delivery/security,20640439
tensorflow/tensorflow:nightly-jupyter,160,44,39,8,0,16,53,77301907,2431,sponsored,,682753973
apache/superset:066f6b1-dockerize,34,1,4,1,0,0,28,504512273,257,sponsored,data-science/security,9839641
jenkins/inbound-agent:latest-jdk11,117,6,1,2,1,0,107,340147057,132,sponsored,,2409485824
jupyter/scipy-notebook:x86_64-ubuntu-22.04,713,91,379,36,2,7,198,90836631,449,sponsored,data-science/machine-learning-and-ai,1316292371
linuxserver/wireguard:legacy-version-v1.0.20210914,149,40,44,11,0,1,53,56845753,776,sponsored,internet-of-things/networking/security,255629184
linuxserver/bookstack:arm64v8-24.05.1,15,0,6,3,0,0,6,70521854,320,sponsored,content-management-system,107447118
curlimages/curl:8.4.0,15,0,4,2,0,1,8,6095705458,176,sponsored,integration-and-delivery/networking/security,494
linuxserver/letsencrypt:1.11.0-ls157,350,23,102,133,51,9,32,400686080,596,sponsored,,89658909
linuxserver/sickchill:version-2024.3.1,22,2,2,1,0,7,10,42206821,55,sponsored,content-management-system/integration-and-delivery,83976313
longhornio/longhorn-manager:master-head,25,1,2,2,0,10,10,91083785,3,sponsored,,119268871
linuxserver/sonarr:develop,11,0,3,6,0,0,2,2290249787,1996,sponsored,,85247479
jupyterhub/k8s-network-tools:3.3.5,7,0,0,0,0,1,6,103106882,2,sponsored,,3877300
linuxserver/ombi:4.43.5,23,2,1,0,0,0,20,966346568,460,sponsored,content-management-system/integration-and-delivery/web-servers,146440603
istio/install-cni:1.22.0,38,6,3,1,1,0,27,168664493,0,sponsored,integration-and-delivery/networking/security,249
linuxserver/wireguard:1.0.20210914-legacy,149,40,44,11,0,1,53,56845753,776,sponsored,internet-of-things/networking/security,255629184
linuxserver/calibre-web:nightly-d3118c0a-ls173,168,7,30,8,0,0,123,193592933,878,sponsored,content-management-system/integration-and-delivery,260977489
amir20/dozzle:pr-3016,0,0,0,0,0,0,0,187308071,94,sponsored,monitoring-and-observability/security/developer-tools,6098842
requarks/wiki:canary,142,3,29,16,6,48,40,105395239,336,sponsored,content-management-system/integration-and-delivery/web-servers,138798741
selenium/hub:4,37,5,4,0,0,0,28,204244449,453,sponsored,integration-and-delivery/monitoring-and-observability/networking,186654869
selenium/standalone-firefox:dev,181,55,62,7,0,0,57,64472765,189,sponsored,languages-and-frameworks/integration-and-delivery,545311326
apache/airflow:slim-2.9.2rc1-python3.11,108,6,3,4,0,1,94,1286219445,521,sponsored,data-science/integration-and-delivery/machine-learning-and-ai,224849326
linuxserver/couchpotato:7260c12f-ls82,98,5,34,45,10,4,0,149181576,390,sponsored,,25674490
jenkins/jenkins:jdk21,97,6,1,0,1,0,89,4638550514,3920,sponsored,integration-and-delivery/monitoring-and-observability/security,291359559
istio/install-cni:1.20.7-distroless,20,0,4,1,0,0,15,168664493,0,sponsored,integration-and-delivery/networking/security,44370875
eclipse/che-theia:7.5.1,518,10,51,70,12,173,202,93170290,7,sponsored,,106657422
linuxserver/freshrss:amd64-1.24.1,17,0,6,1,0,3,7,46883149,193,sponsored,content-management-system/integration-and-delivery/web-analytics,34803982
linuxserver/lidarr:nightly-2.4.0.4212-ls147,15,0,3,6,0,0,6,554690558,446,sponsored,content-management-system/integration-and-delivery,111618397
linuxserver/beets:arm64v8-nightly-version-1b594790,105,1,52,12,3,16,21,49816206,155,sponsored,content-management-system/databases-and-storage,113143649
linuxserver/duplicati:development-v2.0.9.100_canary_2024-05-30-ls163,36,2,3,4,0,0,27,176622762,395,sponsored,databases-and-storage/security,137987701
linuxserver/sabnzbd:nightly-version-2a02c93e,9,3,1,0,0,0,5,700484624,616,sponsored,content-management-system/integration-and-delivery,70613734
linuxserver/calibre-web:nightly,159,7,26,8,0,0,118,193592933,878,sponsored,content-management-system/integration-and-delivery,260977489
linuxserver/unifi-controller:8.0.24,245,5,60,35,3,6,136,338735956,790,sponsored,,351230607
longhornio/longhorn-manager:v1.5.x-head-amd64,33,2,2,4,0,14,11,91083785,3,sponsored,,114897834
selenium/standalone-chrome:125.0-20240522,93,21,26,0,0,0,46,422269184,578,sponsored,integration-and-delivery/monitoring-and-observability,506129604
eclipse/che-theia:7.5.0,518,10,51,70,12,173,202,93170290,7,sponsored,,106658205
esphome/esphome:2024.5.5,136,5,5,3,0,4,119,58171800,148,sponsored,languages-and-frameworks/integration-and-delivery/internet-of-things,160180299
linuxserver/bookstack:amd64-24.05.1,15,0,6,3,0,0,6,70521854,320,sponsored,content-management-system,105189599
vaultwarden/server:alpine,15,0,1,0,0,3,11,147245848,1113,sponsored,security/web-servers,31945148
linuxserver/beets:arm64v8-nightly,103,1,52,12,3,16,19,49816206,155,sponsored,content-management-system/databases-and-storage,113143649
istio/proxy_init:1.3.7,1801,423,1116,133,0,1,128,46172594,4,sponsored,monitoring-and-observability/networking/security,70877710
linuxkit/kernel:6.6.13-dbg,1,0,1,0,0,0,0,120664251,24,sponsored,internet-of-things/operating-systems/security,253528769
linuxserver/unifi-controller:8.0.24-ls221,245,5,60,35,3,6,136,338735956,790,sponsored,,351230607
istio/proxyv2:1.22.0,37,6,2,1,1,0,27,11392921893,16,sponsored,monitoring-and-observability/networking/security,245
jupyter/pyspark-notebook:x86_64-notebook-7.0.6,873,96,399,58,2,65,253,69839145,300,sponsored,data-science/languages-and-frameworks,1808733704
envoyproxy/envoy-alpine:v1.20-latest,67,6,6,4,7,28,16,204934493,61,sponsored,,29662322
istio/install-cni:1.22.1,38,6,3,1,1,0,27,168664493,0,sponsored,integration-and-delivery/networking/security,249
netboxcommunity/netbox:feature,21,2,2,1,0,1,15,37320381,174,sponsored,databases-and-storage/monitoring-and-observability/networking,228112684
linuxserver/lazylibrarian:arm64v8-d8b2234c-ls59,49,3,9,1,0,1,35,237657888,215,sponsored,content-management-system/integration-and-delivery,136301894
linuxserver/headphones:arm64v8-a78f38c1-ls156,84,1,1,1,0,35,46,88886603,221,sponsored,,66883126
linuxserver/syncthing:1.27.8,1,0,1,0,0,0,0,203395954,556,sponsored,networking/security,22707921
sqlpad/sqlpad:7.4,64,5,4,2,0,0,53,104482029,47,sponsored,data-science/databases-and-storage,117593565
jenkins/ssh-agent:latest-jdk11,117,6,0,2,0,0,109,57752344,53,sponsored,integration-and-delivery/security,167247310
envoyproxy/envoy:tools-dev,23,2,1,0,0,0,20,5421968091,170,sponsored,,112548605
envoyproxy/envoy:distroless-dev,7,0,0,0,0,0,7,5421968091,170,sponsored,,32657035
localstack/localstack:s3-latest-amd64,71,6,0,0,0,1,64,240014774,289,sponsored,api-management/databases-and-storage/integration-and-delivery,112167731
linuxserver/medusa:1.0.21,61,4,17,15,0,15,10,73868879,108,sponsored,content-management-system,114231298
linuxserver/plex:amd64-1.40.2,28,2,1,0,0,4,21,857164503,1932,sponsored,content-management-system/networking/security,182059127
pihole/pihole:dev,343,6,0,1,1,0,335,852422372,2621,sponsored,monitoring-and-observability/networking/security,115587264
istio/galley:1.5.10-distroless,146,1,13,22,0,8,102,55188205,3,sponsored,integration-and-delivery/networking,33450970
paketobuildpacks/build:full,581,187,309,19,7,1,58,69622980,35,sponsored,languages-and-frameworks/integration-and-delivery/security,400548581
istio/operator:1.20.7,47,5,8,2,1,0,31,6071557055,6,sponsored,monitoring-and-observability/networking/security,246
netboxcommunity/netbox:latest-2.9.1,22,2,2,1,0,2,15,37320381,174,sponsored,databases-and-storage/monitoring-and-observability/networking,227844749
linuxserver/swag:version-2.11.0,34,3,9,3,0,9,10,86870092,378,sponsored,api-management/security/web-servers,126514422
istio/galley:1.5.9-distroless,146,1,13,22,0,8,102,55188205,3,sponsored,integration-and-delivery/networking,33450989
certbot/certbot:amd64-latest,20,4,5,1,0,4,6,301204194,618,sponsored,security/web-servers,43019687
jupyterhub/k8s-hub:4.0.0-0.dev.git.6598.h2e567104,298,7,7,2,1,2,279,117097366,24,sponsored,,160336014
linuxserver/wireguard:legacy,149,40,44,11,0,1,53,56845753,776,sponsored,internet-of-things/networking/security,255629184
testcontainers/ryuk:sha-36c16815f2eea54d3336eff6accad9afdb9d86f7,9,0,0,0,0,1,8,274883239,13,sponsored,languages-and-frameworks,158187578
jupyterhub/k8s-singleuser-sample:4.0.0-0.dev.git.6617.he194d059,135,7,7,3,0,2,116,65147983,10,sponsored,,176106063
jupyterhub/k8s-network-tools:3.3.6,7,0,0,0,0,1,6,103106882,2,sponsored,,3877294
linuxserver/ubooquity:2.1.2,239,3,30,54,26,8,118,134952886,233,sponsored,content-management-system/security/web-servers,96640264
linuxserver/calibre-web:nightly-version-d3118c0a,160,7,26,8,0,0,119,193592933,878,sponsored,content-management-system/integration-and-delivery,260977489
linuxserver/duplicati:development-version-v2.0.9.100_canary_2024-05-30,32,2,3,4,0,0,23,176622762,395,sponsored,databases-and-storage/security,137987701
coredns/coredns:1.10.1,56,2,10,4,0,2,38,283244923,152,sponsored,monitoring-and-observability/networking/security,16186974
kindest/node:v1.26.15,118,7,11,8,0,4,88,94116338,105,sponsored,integration-and-delivery/networking/operating-systems,396412897
istio/sidecar_injector:1.5.9-distroless,146,1,13,22,0,8,102,54932382,2,sponsored,monitoring-and-observability/networking/security,27934819
linuxserver/jellyfin:amd64-10.9.6,44,12,4,2,0,1,25,139774537,700,sponsored,content-management-system/web-servers,305354684
linuxserver/freshrss:arm64v8-1.24.1,17,0,6,1,0,3,7,46883149,193,sponsored,content-management-system/integration-and-delivery/web-analytics,35964170
sitespeedio/sitespeed.io:34.0.3-slim,171,9,12,11,1,2,136,47484508,116,sponsored,integration-and-delivery/monitoring-and-observability/web-analytics,327616003
linuxserver/jackett:0.22.71,4,0,1,0,0,0,3,1540647127,1137,sponsored,api-management/integration-and-delivery,77116796
linuxserver/nzbhydra2:dev-version-v7.1.0,39,2,9,0,0,0,28,165170816,104,sponsored,integration-and-delivery/monitoring-and-observability,256695303
linuxserver/nginx:version-1.26.1-r0,15,0,8,4,0,0,3,69942647,216,sponsored,api-management/security/web-servers,50753690
jupyter/all-spark-notebook:x86_64-notebook-7.0.6,452,37,58,34,2,89,232,74501327,435,sponsored,data-science/languages-and-frameworks/machine-learning-and-ai,2150179520
istio/proxy_init:1.3.6,1801,423,1116,133,0,1,128,46172594,4,sponsored,monitoring-and-observability/networking/security,70877708
envoyproxy/envoy:google-vrp-dev,116,15,71,0,0,0,30,5421968091,170,sponsored,,151587348
linuxserver/smokeping:2.8.2,51,0,12,9,0,16,14,84202710,244,sponsored,monitoring-and-observability/networking,120573216
linuxserver/beets:nightly-1b594790-ls35,105,1,52,12,3,16,21,49816206,155,sponsored,content-management-system/databases-and-storage,116053086
pihole/pihole:2024.03.2,189,6,0,1,1,0,181,852422372,2621,sponsored,monitoring-and-observability/networking/security,116106966
fluent/fluentd-kubernetes-daemonset:v1.16-debian-kafka-2,73,6,1,1,0,2,63,936815520,66,sponsored,,149559301
nodered/node-red:latest-18,5,1,1,0,0,1,2,273859560,684,sponsored,api-management/integration-and-delivery/internet-of-things,182586405
fluent/fluent-bit:3.0.6,42,0,0,0,0,0,42,14427050361,108,sponsored,integration-and-delivery/internet-of-things/monitoring-and-observability,325
homeassistant/home-assistant:2024.6.4,132,9,14,12,2,13,82,673848814,2809,sponsored,integration-and-delivery/internet-of-things/security,1560
istio/install-cni:1.21.3,41,6,5,1,1,0,28,168664493,0,sponsored,integration-and-delivery/networking/security,249
selenium/node-chrome:125.0,93,21,26,0,0,0,46,249130138,262,sponsored,languages-and-frameworks/integration-and-delivery,506126316
istio/proxy_debug:1.3.6,1874,423,1116,133,0,74,128,41655013,5,sponsored,integration-and-delivery/monitoring-and-observability/networking,263989589
nodered/node-red-docker:slim-v8,250,14,36,44,6,44,106,94166845,363,sponsored,,43420418
linuxserver/duckdns:arm64v8-72e081dd-ls20,16,0,2,0,0,3,11,208051434,393,sponsored,internet-of-things/networking,15347661
istio/pilot:1.22.1,38,6,3,1,1,0,27,11452805606,15,sponsored,monitoring-and-observability/networking/security,243
linuxserver/unifi-controller:arm64v8-8.0.24,244,4,60,35,3,7,135,338735956,790,sponsored,,348377907
envoyproxy/envoy:google-vrp-dev-139fc0fb504850e6d16d7d5e5838956f76a1b27b,117,15,71,0,0,0,31,5421968091,170,sponsored,,151587348
selenium/node-chrome-debug:3.141,567,31,49,7,0,2,478,50148895,73,sponsored,,435748644
linuxserver/resilio-sync:2.8.1.1390-1-ls180,27,2,1,0,0,0,24,63785602,229,sponsored,data-science/networking/security,82819359
jellyfin/jellyfin:10.9.6-armhf.20240606-184155,83,5,3,2,0,1,72,243549427,1189,sponsored,content-management-system/web-servers,180730537
homeassistant/amd64-hassio-supervisor:2023.06.dev2301,302,15,47,27,2,50,161,46215560,153,sponsored,,114621631
linuxserver/ubooquity:2.1.2-ls27,242,3,30,54,26,8,121,134952886,233,sponsored,content-management-system/security/web-servers,96640264
itzg/minecraft-server:java11,333,44,40,5,0,72,172,390428322,1901,sponsored,integration-and-delivery,361306249
selenium/standalone-chrome-debug:3.141.59,567,31,49,7,0,2,478,108388061,103,sponsored,,435749493
vaultwarden/server:testing,842,70,657,49,0,7,59,147245848,1113,sponsored,security/web-servers,67834289
kindest/node:v1.25.16,135,8,13,10,0,7,97,94116338,105,sponsored,integration-and-delivery/networking/operating-systems,431245992
apache/couchdb:3.3,106,5,0,0,0,0,101,64452832,24,sponsored,data-science/databases-and-storage,89638155
kindest/kindnetd:v20230510-486859a6,72,1,5,2,0,1,63,35765593,3,sponsored,integration-and-delivery/networking/security,27728029
linuxserver/ombi:amd64-4.43.5,23,2,1,0,0,0,20,966346568,460,sponsored,content-management-system/integration-and-delivery/web-servers,146440603
tautulli/tautulli:nightly,99,7,0,2,0,1,89,195640892,308,sponsored,monitoring-and-observability/web-analytics,77877215
linuxserver/deluge:amd64-2.1.1,17,1,9,2,0,3,2,326886480,583,sponsored,,52617980
falcosecurity/falco:master,886,71,658,49,0,7,101,46824437,16,sponsored,,352420589
itzg/minecraft-server:java21-graalvm,485,2,25,18,0,374,66,390428322,1901,sponsored,integration-and-delivery,1142892881
containrrr/watchtower:arm64v8-latest,43,1,3,3,0,1,35,8127329988,1062,sponsored,integration-and-delivery/monitoring-and-observability,5212979
apache/airflow:2.9.2rc1-python3.9,117,6,9,5,0,1,96,1286219445,521,sponsored,data-science/integration-and-delivery/machine-learning-and-ai,399443624
istio/proxy_debug:1.0.6,1999,456,1157,138,0,83,165,41655013,5,sponsored,integration-and-delivery/monitoring-and-observability/networking,369467065
linuxserver/hydra2:dev,672,54,155,73,22,6,362,358868754,109,sponsored,,189418580
linuxserver/hydra:0.2.233-ls32,377,18,140,116,28,15,60,104862964,107,sponsored,,61698361
linuxserver/airsonic:arm32v7-10.6.2,733,113,209,43,11,12,345,68744500,109,sponsored,,257783393
istio/proxyv2:1.20.7,40,5,5,1,1,0,28,11392921893,16,sponsored,monitoring-and-observability/networking/security,245
moby/buildkit:nightly-rootless,29,2,12,7,0,0,8,423269407,57,sponsored,,98864766
selenium/standalone-firefox:beta,181,55,62,7,0,0,57,64472765,189,sponsored,languages-and-frameworks/integration-and-delivery,534426950
redash/redash:10.1.0.b50633,2025,108,1052,290,9,37,529,61364081,252,sponsored,data-science/web-analytics,447514487
istio/galley:1.5.9,1409,244,761,124,0,2,278,55188205,3,sponsored,integration-and-delivery/networking,84877992
linuxserver/deluge:2.1.1-r10-ls272,19,2,10,2,0,3,2,326886480,583,sponsored,,52617980
authelia/authelia:feat-ldap-pool,8,1,1,0,0,0,6,53194681,181,sponsored,integration-and-delivery/security,20652127
jellyfin/jellyfin:10,85,5,3,2,0,1,74,243549427,1189,sponsored,content-management-system/web-servers,394968288
istio/pilot:1.21.3-distroless,10,1,3,1,0,0,5,11452805606,15,sponsored,monitoring-and-observability/networking/security,25952652
jupyter/tensorflow-notebook:x86_64-ubuntu-22.04,718,91,377,38,1,8,203,74169327,365,sponsored,data-science/languages-and-frameworks/machine-learning-and-ai,1867308290
linuxserver/swag:arm64v8-2.11.0,34,3,9,3,0,9,10,86870092,378,sponsored,api-management/security/web-servers,126982169
jupyter/pyspark-notebook:x86_64-python-3.11,873,96,399,58,2,65,253,69839145,300,sponsored,data-science/languages-and-frameworks,1808733704
coredns/coredns:1.10.0,69,2,11,7,0,1,48,283244923,152,sponsored,monitoring-and-observability/networking/security,15268387
photoprism/photoprism:240531-ce,661,85,403,10,1,82,80,44324507,371,sponsored,content-management-system/machine-learning-and-ai/web-servers,660489887
linuxserver/nextcloud:version-29.0.2,133,0,59,25,8,18,23,317959825,734,sponsored,,336592291
jupyterhub/k8s-network-tools:3.3.4,7,0,0,0,0,1,6,103106882,2,sponsored,,3877305
jupyterhub/configurable-http-proxy:4.6.1,37,1,7,6,0,7,16,47663828,7,sponsored,data-science/integration-and-delivery/networking,57502548
jenkins/jenkins:latest-jdk17,97,6,1,0,1,0,89,4638550514,3920,sponsored,integration-and-delivery/monitoring-and-observability/security,282287439
openebs/zfs-driver:Abhinandan-Purkait-patch-1-ci,98,37,36,3,0,0,22,65502345,3,sponsored,,92634341
shadowsocks/shadowsocks-libev:edge,51,0,0,0,0,32,19,43317728,484,sponsored,,7420407
linuxserver/tvheadend:arm64v8-version-73a6bd00,39,1,6,1,0,17,14,82769936,276,sponsored,,266196265
linuxserver/jackett:amd64-0.22.71,4,0,1,0,0,0,3,1540647127,1137,sponsored,api-management/integration-and-delivery,77116796
linuxserver/code-server:4.89.1,105,8,11,35,3,13,35,63409434,639,sponsored,languages-and-frameworks/integration-and-delivery/security,186510105
linuxserver/mylar:arm64v8-version-94dcfd13,411,18,152,133,31,15,62,89852071,120,sponsored,,95784982
jupyterhub/configurable-http-proxy:4.6,13,0,1,0,0,5,7,47663828,7,sponsored,data-science/integration-and-delivery/networking,57502548
linuxserver/qbittorrent:amd64-4.6.5,7,1,5,0,0,1,0,305263490,1372,sponsored,networking/security,50391289
linuxserver/beets:nightly,103,1,52,12,3,16,19,49816206,155,sponsored,content-management-system/databases-and-storage,116053086
joxit/docker-registry-ui:2.5.7-debian,118,5,0,0,0,0,113,50643701,140,sponsored,integration-and-delivery/monitoring-and-observability/security,70510793
linuxserver/deluge:2.1.1,17,1,9,2,0,3,2,326886480,583,sponsored,,52617980
jenkins/inbound-agent:latest-bookworm-jdk17,117,6,1,2,1,0,107,340147057,132,sponsored,,2416834546
istio/mixer:1.7.6,151,2,16,21,1,10,101,278019880,6,sponsored,integration-and-delivery/monitoring-and-observability/security,47967722
linuxserver/calibre:v4,242,35,64,14,4,16,109,47854750,303,sponsored,content-management-system/databases-and-storage,1029201333
istio/galley:1.5.10,1409,244,761,124,0,2,278,55188205,3,sponsored,integration-and-delivery/networking,84878001
kindest/node:v1.29.4,112,6,11,6,0,2,87,94116338,105,sponsored,integration-and-delivery/networking/operating-systems,412465396
containrrr/watchtower:armhf-latest,43,1,3,3,0,1,35,8127329988,1062,sponsored,integration-and-delivery/monitoring-and-observability,5363875
linuxserver/nginx:1.26.1-r0-ls277,19,0,9,4,0,0,6,69942647,216,sponsored,api-management/security/web-servers,50753690
homeassistant/amd64-hassio-supervisor:2023.06.3,302,15,47,27,2,50,161,46215560,153,sponsored,,114612705
openpolicyagent/opa:0.66.0-dev-static-debug,2,0,0,2,0,0,0,579169624,42,sponsored,integration-and-delivery/monitoring-and-observability/security,23967258
linuxserver/hydra:arm64v8-version-0.2.233,377,18,140,116,28,15,60,104862964,107,sponsored,,63330647
testcontainers/ryuk:sha-4daccc92df0900d7d0b03089d18b2e6f2fdd6bb7-linux,7,0,0,0,0,1,6,274883239,13,sponsored,languages-and-frameworks,158187574
homeassistant/home-assistant:beta,131,2,12,10,0,16,91,673848814,2809,sponsored,integration-and-delivery/internet-of-things/security,504366234
linuxserver/transmission:arm64v8-4.0.5,7,1,5,0,0,1,0,522152128,1326,sponsored,integration-and-delivery/networking/security,33765737
crossplane/crossplane:v1.17.0-rc.0.199.g334e2be3,3,0,1,0,0,0,2,46363672,5,sponsored,api-management/integration-and-delivery/networking,34278205
istio/sidecar_injector:1.5.10,1409,244,761,124,0,2,278,54932382,2,sponsored,monitoring-and-observability/networking/security,79361815
tensorflow/serving:nightly-gpu,195,52,73,11,0,1,58,76028363,138,sponsored,api-management/integration-and-delivery/machine-learning-and-ai,3740047507
crossplane/crossplane:master,3,0,1,0,0,0,2,46363672,5,sponsored,api-management/integration-and-delivery/networking,34278193
nodered/node-red-docker:slim,250,14,36,44,6,44,106,94166845,363,sponsored,,43420418
thanosio/thanos:main-2024-06-06-c08dc14,8,1,6,0,0,0,1,70362762,23,sponsored,databases-and-storage/integration-and-delivery/monitoring-and-observability,89966510
openpolicyagent/opa:edge-static-debug,2,0,0,2,0,0,0,579169624,42,sponsored,integration-and-delivery/monitoring-and-observability/security,23967258
istio/proxy_init:1.3.8,1801,423,1116,133,0,1,128,46172594,4,sponsored,monitoring-and-observability/networking/security,70877714
postgis/postgis:14-3.4-alpine,28,0,5,1,0,13,9,189132103,228,sponsored,,157578310
requarks/wiki:canary-2.5.0-dev.359,158,3,31,16,6,54,48,105395239,336,sponsored,content-management-system/integration-and-delivery/web-servers,138798741
linuxserver/mariadb:10.11.8-r0-ls144,5,1,1,0,0,0,3,404654251,391,sponsored,databases-and-storage/integration-and-delivery/security,101779546
envoyproxy/envoy-alpine:v1.20.7,67,6,6,4,7,28,16,204934493,61,sponsored,,29662322
linuxserver/hydra2:amd64-dev,672,54,155,73,22,6,362,358868754,109,sponsored,,189418580
linuxserver/bazarr:amd64-1.4.3,41,2,9,1,0,16,13,457713170,430,sponsored,languages-and-frameworks/web-servers,143723945
linuxserver/smokeping:2.8.2-r3-ls95,51,0,12,9,0,16,14,84202710,244,sponsored,monitoring-and-observability/networking,120573216
linuxserver/heimdall:development-version-f405cf2d,17,0,6,1,0,3,7,574910667,1092,sponsored,content-management-system/monitoring-and-observability/security,46265944
jupyter/scipy-notebook:x86_64-latest,713,91,379,36,2,7,198,90836631,449,sponsored,data-science/machine-learning-and-ai,1316292371
openpolicyagent/gatekeeper:v3.16.2,5,1,2,0,0,0,2,3037069850,3,sponsored,,41523423
cloudnativelabs/kube-router:v2.1.1,32,2,4,2,0,3,21,150802753,12,sponsored,networking/security,102676397
paketobuildpacks/run:full-cnb,496,171,304,12,5,1,3,42589227,1,sponsored,languages-and-frameworks/integration-and-delivery/security,268764098
linuxserver/bookstack:v24.05.1-ls149,15,0,6,3,0,0,6,70521854,320,sponsored,content-management-system,105189599
fluent/fluentd:edge-debian-armhf,54,5,1,0,0,2,46,138951893,362,sponsored,,82539581
fluxcd/flux:1.25.2,332,6,31,35,5,60,195,1862750615,7,sponsored,integration-and-delivery/monitoring-and-observability/security,96782438
itzg/minecraft-bedrock-server:2023.7.1,196,5,7,9,0,4,171,35364780,464,sponsored,integration-and-delivery/operating-systems,72137569
linuxserver/ddclient:version-v3.11.2,13,0,4,0,0,3,6,80100071,171,sponsored,integration-and-delivery/internet-of-things/networking,25233797
linuxserver/duckdns:72e081dd-ls20,16,0,2,0,0,3,11,208051434,393,sponsored,internet-of-things/networking,14520253
linuxserver/jackett:v0.22.71-ls425,4,0,1,0,0,0,3,1540647127,1137,sponsored,api-management/integration-and-delivery,77116796
jupyter/tensorflow-notebook:x86_64-tensorflow-2.14.0,723,91,382,38,1,8,203,74169327,365,sponsored,data-science/languages-and-frameworks/machine-learning-and-ai,1867308290
linuxserver/mylar:version-94dcfd13,411,18,152,133,31,15,62,89852071,120,sponsored,,94064981
jupyterhub/k8s-hub:4.0.0-0.dev.git.6588.hd5ba9a9f,306,7,8,2,1,2,286,117097366,24,sponsored,,154662334
linuxserver/lidarr:nightly,11,0,3,6,0,0,2,554690558,446,sponsored,content-management-system/integration-and-delivery,111618397
linuxserver/booksonic:version-1.2,654,117,211,20,9,7,290,50508797,81,sponsored,,242896349
linuxserver/rutorrent:version-v3.10,277,12,96,114,43,4,8,153555666,179,sponsored,,76910433
eclipse/che-dev:7.3.3,3587,749,995,194,38,95,1516,92432179,7,sponsored,,600649362
linuxserver/nzbhydra2:7.1.0,39,2,9,0,0,0,28,165170816,104,sponsored,integration-and-delivery/monitoring-and-observability,256695260
jupyterhub/k8s-network-tools:3.3.3,7,0,0,0,0,1,6,103106882,2,sponsored,,3877306
verdaccio/verdaccio:5.x-next,3,0,0,0,0,0,3,209633280,193,sponsored,,57631954
fluxcd/helm-operator:1.4.4,292,4,39,18,2,62,167,1024426501,6,sponsored,integration-and-delivery/monitoring-and-observability,80976499
istio/sidecar_injector:1.5.8,1418,244,766,124,0,2,282,54932382,2,sponsored,monitoring-and-observability/networking/security,86414572
envoyproxy/envoy-alpine:v1.21.5,67,6,6,4,7,28,16,204934493,61,sponsored,,29208638
jellyfin/jellyfin:10.9.6.20240606-184155,85,5,3,2,0,1,74,243549427,1189,sponsored,content-management-system/web-servers,394968288
linuxserver/openvpn-as:2.8.8-cbf850a0-Ubuntu18-ls122,859,103,564,28,0,0,164,56471725,492,sponsored,,115258293
linuxserver/bazarr:v1.4.3-ls254,41,2,9,1,0,16,13,457713170,430,sponsored,languages-and-frameworks/web-servers,143723945
pactfoundation/pact-broker:2.118.1-pactbroker2.109.1,29,4,2,1,0,4,18,70220454,18,sponsored,api-management/integration-and-delivery/developer-tools,260488089
shadowsocks/shadowsocks-libev:v3.3.2,114,0,0,2,1,56,55,43317728,484,sponsored,,7668018
linuxserver/mylar:arm32v7-version-94dcfd13,411,18,152,133,31,15,62,89852071,120,sponsored,,90793239
eclipse/che-theia:master,493,11,53,70,13,147,199,93170290,7,sponsored,,81687835
linuxkit/kernel:6.6.13-dbg-44a5293614ca7c7674013e928cb11dcdbba73ba8,1,0,1,0,0,0,0,120664251,24,sponsored,internet-of-things/operating-systems/security,253527789
istio/proxyv2:1.22.1,37,6,2,1,1,0,27,11392921893,16,sponsored,monitoring-and-observability/networking/security,245
linuxserver/booksonic:arm64v8-1.2.20220211,628,112,196,16,8,8,288,50508797,81,sponsored,,224747475
istio/proxy_debug:1.3.8-distroless,1874,423,1116,133,0,74,128,41655013,5,sponsored,integration-and-delivery/monitoring-and-observability/networking,263955583
esphome/esphome:dev,132,5,5,2,0,2,118,58171800,148,sponsored,languages-and-frameworks/integration-and-delivery/internet-of-things,161278338
linuxserver/tautulli:arm64v8-develop,20,1,3,1,0,5,10,977374373,421,sponsored,monitoring-and-observability/web-analytics,71379674
linuxserver/radarr:nightly-5.7.0.8862-ls2,14,0,3,6,0,0,5,2308857071,1646,sponsored,,85843458
linuxserver/freshrss:1.24.1-ls229,23,0,7,3,0,3,10,46883149,193,sponsored,content-management-system/integration-and-delivery/web-analytics,34803982
crossplane/crossplane:v1.17.0-rc.0.204.g6a6abcaa,3,0,1,0,0,0,2,46363672,5,sponsored,api-management/integration-and-delivery/networking,34278193
cloudnativelabs/kube-router:v2.1.3,32,2,4,2,0,3,21,150802753,12,sponsored,networking/security,103087167
jupyter/pyspark-notebook:x86_64-spark-3.5.0,873,96,399,58,2,65,253,69839145,300,sponsored,data-science/languages-and-frameworks,1808733704
linuxserver/calibre-web:arm64v8-nightly-version-d3118c0a,157,7,23,8,0,1,118,193592933,878,sponsored,content-management-system/integration-and-delivery,251315740
linuxserver/smokeping:amd64-2.8.2,51,0,12,9,0,16,14,84202710,244,sponsored,monitoring-and-observability/networking,120573216
linuxserver/medusa:amd64-1.0.21,61,4,17,15,0,15,10,73868879,108,sponsored,content-management-system,114231298
linuxserver/wireguard:legacy-v1.0.20210914-ls56,149,40,44,11,0,1,53,56845753,776,sponsored,internet-of-things/networking/security,255629184
linuxserver/airsonic:v10.6.2-ls134,751,117,220,44,11,11,348,68744500,109,sponsored,,283562313
nodered/node-red:latest-debian,1147,78,706,95,0,15,253,273859560,684,sponsored,api-management/integration-and-delivery/internet-of-things,267492039
jupyterhub/k8s-singleuser-sample:4.0.0-0.dev.git.6607.hd1a1130e,137,7,8,3,0,2,117,65147983,10,sponsored,,182899945
netboxcommunity/netbox:snapshot,21,2,2,1,0,1,15,37320381,174,sponsored,databases-and-storage/monitoring-and-observability/networking,228111916
linuxserver/mariadb:arm64v8-10.11.8,4,1,1,0,0,0,2,404654251,391,sponsored,databases-and-storage/integration-and-delivery/security,105445875
verdaccio/verdaccio:5.31,3,0,0,0,0,0,3,209633280,193,sponsored,,57631954
jupyterhub/k8s-singleuser-sample:4.0.0-0.dev.git.6592.h9cc09f53,143,7,9,3,0,2,122,65147983,10,sponsored,,178881164
linuxkit/kernel:6.6.13-44a5293614ca7c7674013e928cb11dcdbba73ba8,1,0,1,0,0,0,0,120664251,24,sponsored,internet-of-things/operating-systems/security,209932661
curlimages/curl:8.8.0,3,0,1,0,0,0,2,6095705458,176,sponsored,integration-and-delivery/networking/security,10400381
envoyproxy/envoy-alpine:v1.21-latest,67,6,6,4,7,28,16,204934493,61,sponsored,,30165236
linuxserver/unifi:79,1228,357,313,65,31,23,439,43696419,255,sponsored,,316646724
crossplane/crossplane:v1.17.0-rc.0.197.gedc1ac6c,3,0,1,0,0,0,2,46363672,5,sponsored,api-management/integration-and-delivery/networking,31369912
jenkins/ssh-agent:latest-jdk17,117,6,0,2,0,0,109,57752344,53,sponsored,integration-and-delivery/security,164872323
istio/mixer:1.7.8,151,2,16,21,1,10,101,278019880,6,sponsored,integration-and-delivery/monitoring-and-observability/security,47967777
jupyter/all-spark-notebook:x86_64-python-3.11,879,95,397,62,4,65,256,74501327,435,sponsored,data-science/languages-and-frameworks/machine-learning-and-ai,2150179520
